FY,Department,Division,Month,Category,Category_Group,Perm_Budget,Current_Budget,Expenditure,Balance,Date,Fiscal_Month,Month_Name
FY24,Central Services,Central Services,a/o 6/30/24,Univ. Salaries,Salaries,442165.8,482165.8,470987.61,11178.190000000002,2024-06-30,12,Jun
FY24,Central Services,Central Services,a/o 6/30/24,Fringes,Fringes,145784,161664,186297.86000000002,-24633.860000000015,2024-06-30,12,Jun
FY24,Central Services,Central Services,a/o 6/30/24,Printing,Supplies & Printing,0,0,42.33,-42.33,2024-06-30,12,Jun
FY24,Central Services,Central Services,a/o 6/30/24,Training/Travel,Training & Travel,3257,3257,3663.92,-406.9200000000001,2024-06-30,12,Jun
FY24,Central Services,Central Services,a/o 6/30/24,Supplies/Postage,Supplies & Printing,6000,6000,756.3100000000001,5243.69,2024-06-30,12,Jun
FY24,Central Services,Central Services,a/o 6/30/24,Telecomm,Telecomm & Network,2291,2291,1926.96,364.03999999999996,2024-06-30,12,Jun
FY24,Central Services,Central Services,a/o 6/30/24,Hardware/Software/RamTech,Software & Maintenance,5061,5061,2691.11,2369.89,2024-06-30,12,Jun
FY24,Technology Services,Central Services,a/o 6/30/24,Skilled Services/Internal,Contractual & Services,60629,60629,209512.65,-148883.65,2024-06-30,12,Jun
FY24,Technology Services,Central Services,a/o 6/30/24,Tele Wireless/Data,Telecomm & Network,0,0,2805.6,-2805.6,2024-06-30,12,Jun
FY24,Technology Services,Central Services,a/o 6/30/24,Travel/Training,Training & Travel,2875,2875,38953.270000000004,-36078.270000000004,2024-06-30,12,Jun
FY24,Technology Services,Central Services,a/o 6/30/24,Supplies/Shipping/Printing,Supplies & Printing,4000,4000,4566.83,-566.8299999999999,2024-06-30,12,Jun
FY24,Technology Services,Central Services,a/o 6/30/24,Telecomm,Telecomm & Network,0,0,81,-81,2024-06-30,12,Jun
FY24,Technology Services,Central Services,a/o 6/30/24,Software Dev. /Maintenance,Software & Maintenance,0,0,45537.22,-45537.22,2024-06-30,12,Jun
FY24,Technology Services,Central Services,a/o 6/30/24,Hourly,Salaries,0,0,6910.07,-6910.07,2024-06-30,12,Jun
FY24,Technology Services,Central Services,a/o 6/30/24,Hourly Fringe,Salaries,0,0,578.82,-578.82,2024-06-30,12,Jun
FY24,Technology Services,Central Services,a/o 6/30/24,IT/ University Salaries,Salaries,410607,410607,379993.44,30613.559999999998,2024-06-30,12,Jun
FY24,Technology Services,Central Services,a/o 6/30/24,Fringes,Fringes,204211,204211,150907.34999999998,53303.65000000002,2024-06-30,12,Jun
FY24,Technology Services,Central Services,a/o 6/30/24,Memberships/Publications,Training & Travel,0,0,119991.27,-119991.27,2024-06-30,12,Jun
FY24,Technology Services,Central Services,a/o 6/30/24,Travel/Training,Training & Travel,5244,5244,1595,3649,2024-06-30,12,Jun
FY24,Technology Services,Central Services,a/o 6/30/24,Printing,Supplies & Printing,0,0,39.71,-39.71,2024-06-30,12,Jun
FY24,Technology Services,Central Services,a/o 6/30/24,Supplies/Postage,Supplies & Printing,2510,2510,399.96,2110.04,2024-06-30,12,Jun
FY24,Technology Services,Central Services,a/o 6/30/24,Electrical,Other,0,0,5752.66,-5752.66,2024-06-30,12,Jun
FY24,Technology Services,Central Services,a/o 6/30/24,Telecomm/Wireless,Telecomm & Network,1440,1440,601,839,2024-06-30,12,Jun
FY24,Technology Services,Central Services,a/o 6/30/24,Comcast Cable Service,Telecomm & Network,0,0,5150.38,-5150.38,2024-06-30,12,Jun
FY24,Technology Services,Central Services,a/o 6/30/24,Building/Office Supplies,Supplies & Printing,17800,17800,11008,6792,2024-06-30,12,Jun
FY24,Technology Services,Central Services,a/o 6/30/24,Lease Equipment,Equipment & Hardware,3200,3200,2322.48,877.52,2024-06-30,12,Jun
FY24,Technology Services,Central Services,a/o 6/30/24,University Srvcs,Other,1000,1000,125,875,2024-06-30,12,Jun
FY24,Technology Services,Central Services,a/o 6/30/24,Physical Plant/Repair,Other,0,0,6442.13,-6442.13,2024-06-30,12,Jun
FY24,Technology Services,Central Services,a/o 6/30/24,Internal Charge,Recoveries & Revenue,0,0,822,-822,2024-06-30,12,Jun
FY24,Technology Services,Central Services,a/o 6/30/24,Telecomm/Wireless,Telecomm & Network,4000,4000,7345.62,-3345.62,2024-06-30,12,Jun
FY24,Technology Services,Central Services,a/o 6/30/24,Hardware Maintenance/Network,Software & Maintenance,131000,131000,8140.64,122859.36,2024-06-30,12,Jun
FY24,Technology Services,Central Services,a/o 6/30/24,Contractual,Contractual & Services,0,0,71378.49,-71378.49,2024-06-30,12,Jun
FY24,Technology Services,Central Services,a/o 6/30/24,Other,Other,0,0,27037,-27037,2024-06-30,12,Jun
FY24,Technology Services,Central Services,a/o 6/30/24,Software Maintenance,Software & Maintenance,2231152.2,3032314.2,2357455.14,346193.5700000003,2024-06-30,12,Jun
FY24,Technology Services,Central Services,a/o 6/30/24,Internal charge,Recoveries & Revenue,0,0,-44113.2,44113.2,2024-06-30,12,Jun
FY24,Technology Services,Central Services,a/o 6/30/24,Data Supplies/Contractual,Supplies & Printing,0,3852711,923585.8,2929125.2,2024-06-30,12,Jun
FY24,Technology Services,Central Services,a/o 6/30/24,Audio Visual,Other,0,0,300599.64,-300599.64,2024-06-30,12,Jun
FY24,Technology Services,Central Services,a/o 6/30/24,Software,Software & Maintenance,0,0,2704543.88,-2704543.88,2024-06-30,12,Jun
FY24,Technology Services,Central Services,a/o 6/30/24,Hardware/Equipment,Equipment & Hardware,0,490549,164361.1,326187.9,2024-06-30,12,Jun
FY24,Technology Services,Central Services,a/o 6/30/24,Internal Charge,Recoveries & Revenue,0,0,250000,-250000,2024-06-30,12,Jun
FY24,Technology Services,Central Services,a/o 6/30/24,Data/Network,Telecomm & Network,396410,643041,466086.04,176954.96000000002,2024-06-30,12,Jun
FY24,Technology Services,Central Services,a/o 6/30/24,Contractual/ Internal Serv. Charge,Recoveries & Revenue,0,0,-161928.82,161928.82,2024-06-30,12,Jun
FY24,Technology Services,Central Services,a/o 6/30/24,Maintenance,Software & Maintenance,-18500,86675,69903.5,16771.5,2024-06-30,12,Jun
FY24,Technology Services,Central Services,a/o 6/30/24,Faculty Salary,Salaries,0,0,336,-336,2024-06-30,12,Jun
FY24,Technology Services,Central Services,a/o 6/30/24,IT/Univ Salary,Salaries,154382,154382,251940.09,-97558.09,2024-06-30,12,Jun
FY24,Technology Services,Central Services,a/o 6/30/24,Fringes,Fringes,46606,46606,98414.73999999999,-51808.73999999999,2024-06-30,12,Jun
FY24,Technology Services,Central Services,a/o 6/30/24,Telecomm Sppt./Internal,Telecomm & Network,-360,-360,1480,-1840,2024-06-30,12,Jun
FY24,Technology Services,Central Services,a/o 6/30/24,Supplies/Printing,Supplies & Printing,1200,1200,274.74,925.26,2024-06-30,12,Jun
FY24,Technology Services,Central Services,a/o 6/30/24,Travel/Training,Training & Travel,1725,1725,149,1576,2024-06-30,12,Jun
FY24,Technology Services,Central Services,a/o 6/30/24,Telecomm,Telecomm & Network,1440,1440,929.38,510.62,2024-06-30,12,Jun
FY24,Technology Services,Central Services,a/o 6/30/24,Equipment/RamTech/Software,Software & Maintenance,2000,2000,540,1460,2024-06-30,12,Jun
FY24,Network Services,Network & Infrastructure,a/o 6/30/24,Supplies/Maintenance,Software & Maintenance,0,0,146563.04,-146563.04,2024-06-30,12,Jun
FY24,Network Services,Network & Infrastructure,a/o 6/30/24,Network/Data Supplies,Supplies & Printing,185000,185000,167636.34,17363.660000000003,2024-06-30,12,Jun
FY24,Network Services,Network & Infrastructure,a/o 6/30/24,Training,Training & Travel,0,0,15560,-15560,2024-06-30,12,Jun
FY24,Network Services,Network & Infrastructure,a/o 6/30/24,IT Salaries,Salaries,2210854.8899999997,2210854.8899999997,2146899.1799999997,63955.70999999996,2024-06-30,12,Jun
FY24,Network Services,Network & Infrastructure,a/o 6/30/24,Hourly,Salaries,54296,54296,4578.37,49717.63,2024-06-30,12,Jun
FY24,Network Services,Network & Infrastructure,a/o 6/30/24,Hourly Fringe,Salaries,-3616,-3616,368.31,-3984.31,2024-06-30,12,Jun
FY24,Network Services,Network & Infrastructure,a/o 6/30/24,Classified On Call,Bonus/OT/VSDP,5238.2,5238.2,1294,3944.2,2024-06-30,12,Jun
FY24,Network Services,Network & Infrastructure,a/o 6/30/24,Bonus,Bonus/OT/VSDP,4000,4000,3150,850,2024-06-30,12,Jun
FY24,Network Services,Network & Infrastructure,a/o 6/30/24,Fringes,Fringes,771537,771537,842720.51,-71183.51000000001,2024-06-30,12,Jun
FY24,Network Services,Network & Infrastructure,a/o 6/30/24,Training/Travel,Training & Travel,13625,13625,1377.1899999999998,12247.81,2024-06-30,12,Jun
FY24,Network Services,Network & Infrastructure,a/o 6/30/24,Supp/Fuel/Postage,Supplies & Printing,9357,9357,877.46,8479.54,2024-06-30,12,Jun
FY24,Network Services,Network & Infrastructure,a/o 6/30/24,Network/Data Supplies,Supplies & Printing,5000,5000,41.36,4958.64,2024-06-30,12,Jun
FY24,Network Services,Network & Infrastructure,a/o 6/30/24,Fleet Mgt/Parking,Other,7370,7370,5385.19,1984.8100000000004,2024-06-30,12,Jun
FY24,Network Services,Network & Infrastructure,a/o 6/30/24,Telecomm/Wireless,Telecomm & Network,23052,23052,9204.140000000001,13847.859999999999,2024-06-30,12,Jun
FY24,Network Services,Network & Infrastructure,a/o 6/30/24,Printing,Supplies & Printing,0,0,122.3,-122.3,2024-06-30,12,Jun
FY24,Network Services,Network & Infrastructure,a/o 6/30/24,Operating Lease Equipment,Equipment & Hardware,1500,1500,5891.4400000000005,-4391.4400000000005,2024-06-30,12,Jun
FY24,Network Services,Network & Infrastructure,a/o 6/30/24,Lease/Equipment,Equipment & Hardware,30410,30410,18374.94,12035.060000000001,2024-06-30,12,Jun
FY24,Network Services,Network & Infrastructure,a/o 6/30/24,Recoveries from Housing,Recoveries & Revenue,-68495,-68495,-38943,-29552,2024-06-30,12,Jun
FY24,Network Services,Network & Infrastructure,a/o 6/30/24,Recoveries/Labor/Data Install,Recoveries & Revenue,-50000,-50000,-29700,-20300,2024-06-30,12,Jun
FY24,Network Services,Network & Infrastructure,a/o 6/30/24,Recoveries/Internal,Recoveries & Revenue,-350000,-350000,-333601.5,-16398.5,2024-06-30,12,Jun
FY24,Network Services,Network & Infrastructure,a/o 6/30/24,Contractual,Contractual & Services,90000,90000,47.2,89952.8,2024-06-30,12,Jun
FY24,Network Services,Network & Infrastructure,a/o 6/30/24,Network/Data Supplies,Supplies & Printing,1000000,1000000,865519.54,134480.45999999996,2024-06-30,12,Jun
FY24,Network Services,Network & Infrastructure,a/o 6/30/24,Data Installation,Other,0,0,-608821.89,608821.89,2024-06-30,12,Jun
FY24,Network Services,Network & Infrastructure,a/o 6/30/24,Equipment,Equipment & Hardware,30000,30000,11081.32,18918.68,2024-06-30,12,Jun
FY24,Network Services,Network & Infrastructure,a/o 6/30/24,VCUHS Revenue/Other Sales,Bonus/OT/VSDP,-5000,-5000,-827.43,-4172.57,2024-06-30,12,Jun
FY24,Network Services,Network & Infrastructure,a/o 6/30/24,Va Tech,Other,0,0,108662,-108662,2024-06-30,12,Jun
FY24,Network Services,Network & Infrastructure,a/o 6/30/24,Tele Circuits,Telecomm & Network,136066,136066,149506.05999999997,-13440.059999999969,2024-06-30,12,Jun
FY24,Network Services,Network & Infrastructure,a/o 6/30/24,Skilled Services,Contractual & Services,200000,200000,145526.85,54473.149999999994,2024-06-30,12,Jun
FY24,Network Services,Network & Infrastructure,a/o 6/30/24,Maintenance,Software & Maintenance,0,0,158575.99,-158575.99,2024-06-30,12,Jun
FY24,Network Services,Network & Infrastructure,a/o 6/30/24,Other  VCUHS Revenue,Recoveries & Revenue,0,0,-11477.07,11477.07,2024-06-30,12,Jun
FY24,Network Services,Network & Infrastructure,a/o 6/30/24,Recovery,Recoveries & Revenue,-55600,-55600,-128598.24,72998.24,2024-06-30,12,Jun
FY24,Network Services,Network & Infrastructure,a/o 6/30/24,Supplies,Supplies & Printing,328847,328847,19881.73,308965.27,2024-06-30,12,Jun
FY24,Network Services,Network & Infrastructure,a/o 6/30/24,Network/Data Supplies,Supplies & Printing,0,0,6313.09,-6313.09,2024-06-30,12,Jun
FY24,Network Services,Network & Infrastructure,a/o 6/30/24,Electrical,Other,0,0,7200,-7200,2024-06-30,12,Jun
FY24,Network Services,Network & Infrastructure,a/o 6/30/24,Data Installation,Other,0,0,90,-90,2024-06-30,12,Jun
FY24,Network Services,Network & Infrastructure,a/o 6/30/24,Salaries,Salaries,2058606.63,2058606.63,1682975.69,375630.93999999994,2024-06-30,12,Jun
FY24,Network Services,Network & Infrastructure,a/o 6/30/24,On Call,Bonus/OT/VSDP,8095.4,8095.4,332,7763.4,2024-06-30,12,Jun
FY24,Network Services,Network & Infrastructure,a/o 6/30/24,Bonuses,Bonus/OT/VSDP,19000,19000,5900,13100,2024-06-30,12,Jun
FY24,Network Services,Network & Infrastructure,a/o 6/30/24,Fringes,Fringes,818778,818778,659163.98,159614.02000000002,2024-06-30,12,Jun
FY24,Network Services,Network & Infrastructure,a/o 6/30/24,University/Repair maint/Fuel,Software & Maintenance,0,0,1292.71,-1292.71,2024-06-30,12,Jun
FY24,Network Services,Network & Infrastructure,a/o 6/30/24,Express/Courier Services,Other,14540,14540,20448,-5908,2024-06-30,12,Jun
FY24,Network Services,Network & Infrastructure,a/o 6/30/24,Supplies,Supplies & Printing,63500,63500,6487.04,57012.96,2024-06-30,12,Jun
FY24,Network Services,Network & Infrastructure,a/o 6/30/24,Telecomm,Telecomm & Network,12813,12813,13506.23,-693.2299999999996,2024-06-30,12,Jun
FY24,Network Services,Network & Infrastructure,a/o 6/30/24,Leases/Printing,Supplies & Printing,2445,2445,1792.9899999999998,652.0100000000002,2024-06-30,12,Jun
FY24,Network Services,Network & Infrastructure,a/o 6/30/24,Training/Travel,Training & Travel,11500,11500,1407.19,10092.81,2024-06-30,12,Jun
FY24,Network Services,Network & Infrastructure,a/o 6/30/24,FMD/Parking,Other,2500,2500,319.03,2180.9700000000003,2024-06-30,12,Jun
FY24,Network Services,Network & Infrastructure,a/o 6/30/24,Hardware Maintenance,Software & Maintenance,0,0,479501.63,-479501.63,2024-06-30,12,Jun
FY24,Network Services,Network & Infrastructure,a/o 6/30/24,Software Maintenance,Software & Maintenance,233998,233998,713241.45,-479243.44999999995,2024-06-30,12,Jun
FY24,Network Services,Network & Infrastructure,a/o 6/30/24,Other Equipment,Equipment & Hardware,15000,15000,510,14490,2024-06-30,12,Jun
FY24,Network Services,Network & Infrastructure,a/o 6/30/24,Recoveries/SLA Fees,Recoveries & Revenue,-126453,-126453,-1010143,883690,2024-06-30,12,Jun
FY24,Network Services,Network & Infrastructure,a/o 6/30/24,Recoveries/SAN Fees,Recoveries & Revenue,-40000,-40000,-21487.840000000004,-18512.159999999996,2024-06-30,12,Jun
FY24,Network Services,Network & Infrastructure,a/o 6/30/24,Salaries,Salaries,522775.2,522775.2,533942.5,-11167.299999999988,2024-06-30,12,Jun
FY24,Network Services,Network & Infrastructure,a/o 6/30/24,On Call,Bonus/OT/VSDP,7143,7143,192,6951,2024-06-30,12,Jun
FY24,Network Services,Network & Infrastructure,a/o 6/30/24,Hourly/IT HourlyWages,Salaries,57000,57000,67315.94,-10315.940000000002,2024-06-30,12,Jun
FY24,Network Services,Network & Infrastructure,a/o 6/30/24,Hourly Fringe,Salaries,1716,1716,5429.39,-3713.3900000000003,2024-06-30,12,Jun
FY24,Network Services,Network & Infrastructure,a/o 6/30/24,Fringes,Fringes,188183,188183,208190.66999999998,-20007.669999999984,2024-06-30,12,Jun
FY24,Network Services,Network & Infrastructure,a/o 6/30/24,Office/Data Supplies,Supplies & Printing,2013,2013,30,1983,2024-06-30,12,Jun
FY24,Administrative Systems,Application Services,a/o 6/30/24,IT/Univ Salaries,Salaries,1346655.24,1346655.24,1510833.8599999999,-164178.61999999988,2024-06-30,12,Jun
FY24,Administrative Systems,Application Services,a/o 6/30/24,VSDP,Bonus/OT/VSDP,0,0,2501.42,-2501.42,2024-06-30,12,Jun
FY24,Administrative Systems,Application Services,a/o 6/30/24,On Call,Bonus/OT/VSDP,4762,4762,40,4722,2024-06-30,12,Jun
FY24,Administrative Systems,Application Services,a/o 6/30/24,Awards/Bonuses,Bonus/OT/VSDP,10000,10000,6400,3600,2024-06-30,12,Jun
FY24,Administrative Systems,Application Services,a/o 6/30/24,Fringe,Fringes,567197,567197,602725.25,-35528.25,2024-06-30,12,Jun
FY24,Administrative Systems,Application Services,a/o 6/30/24,Technical Services/Consulting,Contractual & Services,7980,7980,17410.5,-9430.5,2024-06-30,12,Jun
FY24,Administrative Systems,Application Services,a/o 6/30/24,Telecomm,Telecomm & Network,5280,5280,3156.86,2123.14,2024-06-30,12,Jun
FY24,Administrative Systems,Application Services,a/o 6/30/24,Other,Other,0,0,430,-430,2024-06-30,12,Jun
FY24,Administrative Systems,Application Services,a/o 6/30/24,Maintenance,Software & Maintenance,701560,701560,924120.53,-222560.53000000003,2024-06-30,12,Jun
FY24,Administrative Systems,Application Services,a/o 6/30/24,Training/Memberships,Training & Travel,7494,7494,5245.75,44.5,2024-06-30,12,Jun
FY24,Administrative Systems,Application Services,a/o 6/30/24,Hardware/Software/RamTech,Software & Maintenance,4810,4810,3630.89,1179.1100000000001,2024-06-30,12,Jun
FY24,Application Services,Application Services,a/o 6/30/24,Classified/IT/Univ. Sal./VSDP,Salaries,1679714,1679714,1458357.49,221356.51,2024-06-30,12,Jun
FY24,Application Services,Application Services,a/o 6/30/24,Hourly Wages,Salaries,18794,18794,4455,14339,2024-06-30,12,Jun
FY24,Application Services,Application Services,a/o 6/30/24,Bonus,Bonus/OT/VSDP,0,0,3500,-3500,2024-06-30,12,Jun
FY24,Application Services,Application Services,a/o 6/30/24,On Call,Bonus/OT/VSDP,9524,9524,594,8930,2024-06-30,12,Jun
FY24,Application Services,Application Services,a/o 6/30/24,Fringes,Fringes,572631,572631,569982.48,2648.5200000000186,2024-06-30,12,Jun
FY24,Application Services,Application Services,a/o 6/30/24,Supplies/Postage,Supplies & Printing,17960,17960,14.060000000000002,17945.94,2024-06-30,12,Jun
FY24,Application Services,Application Services,a/o 6/30/24,Telecomm/Wireless,Telecomm & Network,13090,13090,4886.56,8203.439999999999,2024-06-30,12,Jun
FY24,Application Services,Application Services,a/o 6/30/24,Training/Travel,Training & Travel,21967,21967,15556.71,6410.290000000001,2024-06-30,12,Jun
FY24,Application Services,Application Services,a/o 6/30/24,Maintenance,Software & Maintenance,253200,253200,361866.5,-108666.5,2024-06-30,12,Jun
FY24,Application Services,Application Services,a/o 6/30/24,Internal/Recovery,Recoveries & Revenue,0,0,-2705.85,2705.85,2024-06-30,12,Jun
FY24,Central Services,Central Services,a/o 6/30/24,IT Salaries,Salaries,809766,809766,778252.12,31513.880000000005,2024-06-30,12,Jun
FY24,Central Services,Central Services,a/o 6/30/24,On Call,Bonus/OT/VSDP,0,0,96,-96,2024-06-30,12,Jun
FY24,Central Services,Central Services,a/o 6/30/24,Bonus,Bonus/OT/VSDP,0,0,3000,-3000,2024-06-30,12,Jun
FY24,Central Services,Central Services,a/o 6/30/24,Fringe,Fringes,291228,291228,309180.12,-17952.119999999995,2024-06-30,12,Jun
FY24,Central Services,Central Services,a/o 6/30/24,Contractual/Other,Bonus/OT/VSDP,0,0,13197.77,-13197.77,2024-06-30,12,Jun
FY24,Central Services,Central Services,a/o 6/30/24,Supplies/Printing,Supplies & Printing,5000,5000,640.14,4359.86,2024-06-30,12,Jun
FY24,Central Services,Central Services,a/o 6/30/24,Telecomm,Telecomm & Network,2000,2000,1441.48,558.52,2024-06-30,12,Jun
FY24,Central Services,Central Services,a/o 6/30/24,Travel/Training,Training & Travel,8000,8000,4420.410000000001,3579.5899999999992,2024-06-30,12,Jun
FY24,Central Services,Central Services,a/o 6/30/24,Software /Maintenance,Software & Maintenance,454154,454154,408963.29000000004,45190.70999999996,2024-06-30,12,Jun
FY24,Central Services,Central Services,a/o 6/30/24,RamTech/Equipment,Equipment & Hardware,4000,4000,14556.82,-10556.82,2024-06-30,12,Jun
FY24,Media Support Services,Academic Technology,a/o 6/30/24,IT/Univ. Salaries,Salaries,619946,619946,575738.45,44207.55000000005,2024-06-30,12,Jun
FY24,Media Support Services,Academic Technology,a/o 6/30/24,VSDP,Bonus/OT/VSDP,0,0,9914.37,-9914.37,2024-06-30,12,Jun
FY24,Media Support Services,Academic Technology,a/o 6/30/24,Fringes,Fringes,217392,217392,230646.32,-13254.320000000007,2024-06-30,12,Jun
FY24,Media Support Services,Academic Technology,a/o 6/30/24,Supplies/Shipping,Supplies & Printing,2800,2800,1599.28,1200.72,2024-06-30,12,Jun
FY24,Media Support Services,Academic Technology,a/o 6/30/24,Fuel/Printing,Supplies & Printing,0,0,181.32,-181.32,2024-06-30,12,Jun
FY24,Media Support Services,Academic Technology,a/o 6/30/24,Telecomm/Wireless,Telecomm & Network,2520,2520,4180.02,-1660.0200000000004,2024-06-30,12,Jun
FY24,Media Support Services,Academic Technology,a/o 6/30/24,Services/Leases,Other,0,0,3475.13,-3475.13,2024-06-30,12,Jun
FY24,Media Support Services,Academic Technology,a/o 6/30/24,Training/Travel,Training & Travel,4025,4025,10144.619999999999,-6119.619999999999,2024-06-30,12,Jun
FY24,Media Support Services,Academic Technology,a/o 6/30/24,University/Parking/Electrical,Other,0,0,2381.13,-2381.13,2024-06-30,12,Jun
FY24,Media Support Services,Academic Technology,a/o 6/30/24,Equipment/Repair,Equipment & Hardware,5600,5600,6407.93,-807.9300000000003,2024-06-30,12,Jun
FY24,Media Support Services,Academic Technology,a/o 6/30/24,Recoveries/Project Mgt Fees,Recoveries & Revenue,-169000,-169000,-274501.76,105501.76000000001,2024-06-30,12,Jun
FY24,Academic Technologies,Academic Technology,a/o 6/30/24,Salaries,Salaries,223626.4,223626.4,295800.48,-72174.07999999999,2024-06-30,12,Jun
FY24,Academic Technologies,Academic Technology,a/o 6/30/24,Bonuses/On Call/OT,Bonus/OT/VSDP,1167,1167,2618,-1451,2024-06-30,12,Jun
FY24,Academic Technologies,Academic Technology,a/o 6/30/24,Hourly/Student Wages,Salaries,0,0,51036.62,-51036.62,2024-06-30,12,Jun
FY24,Academic Technologies,Academic Technology,a/o 6/30/24,Fringe Part-time,Fringes,0,0,2629.05,-2629.05,2024-06-30,12,Jun
FY24,Academic Technologies,Academic Technology,a/o 6/30/24,Fringes,Fringes,72256,72256,117352.83,-45096.83,2024-06-30,12,Jun
FY24,Academic Technologies,Academic Technology,a/o 6/30/24,Equipment lease/Printing,Supplies & Printing,0,0,590.87,-590.87,2024-06-30,12,Jun
FY24,Academic Technologies,Academic Technology,a/o 6/30/24,Internal charge/Recovery,Recoveries & Revenue,0,0,-184475,184475,2024-06-30,12,Jun
FY24,Academic Technologies,Academic Technology,a/o 6/30/24,Clothing/Supplies/Postage,Supplies & Printing,1867,1867,2927.2799999999997,-1060.2799999999997,2024-06-30,12,Jun
FY24,Academic Technologies,Academic Technology,a/o 6/30/24,University/FMD,Other,0,0,1360.08,-1360.08,2024-06-30,12,Jun
FY24,Academic Technologies,Academic Technology,a/o 6/30/24,Telecomm/Wireless,Telecomm & Network,1880,1880,1437.6,442.4000000000001,2024-06-30,12,Jun
FY24,Academic Technologies,Academic Technology,a/o 6/30/24,Hardware/Software/Maint,Software & Maintenance,3733,3733,6150.19,-2417.1899999999996,2024-06-30,12,Jun
FY24,Media Support Services,Academic Technology,a/o 6/30/24,Salaries,Salaries,387443.2,265640.80000000005,362268.99,-96628.18999999994,2024-06-30,12,Jun
FY24,Media Support Services,Academic Technology,a/o 6/30/24,Bonuses/OT/VSDP,Bonus/OT/VSDP,2917,2917,3000,-83,2024-06-30,12,Jun
FY24,Media Support Services,Academic Technology,a/o 6/30/24,Student/Hourly Wages,Salaries,110000,110000,76353.51,33646.490000000005,2024-06-30,12,Jun
FY24,Media Support Services,Academic Technology,a/o 6/30/24,Hourly Fringe,Salaries,8622,8622,943.67,7678.33,2024-06-30,12,Jun
FY24,Media Support Services,Academic Technology,a/o 6/30/24,Fringes,Fringes,145629,145629,143082.28,2546.720000000001,2024-06-30,12,Jun
FY24,Media Support Services,Academic Technology,a/o 6/30/24,Contractual/Express Serv,Contractual & Services,0,44708,65.64,44642.36,2024-06-30,12,Jun
FY24,Media Support Services,Academic Technology,a/o 6/30/24,Technical/Printing,Supplies & Printing,0,0,92.66,-92.66,2024-06-30,12,Jun
FY24,Media Support Services,Academic Technology,a/o 6/30/24,Clothing/Supplies/Postage,Supplies & Printing,4667,4667,4108.32,558.6800000000003,2024-06-30,12,Jun
FY24,Media Support Services,Academic Technology,a/o 6/30/24,Training/Travel,Training & Travel,6708,6708,2167.2200000000003,4540.78,2024-06-30,12,Jun
FY24,Media Support Services,Academic Technology,a/o 6/30/24,Univ/FMD/Fuel/Install,Other,0,0,17207.84,-17207.84,2024-06-30,12,Jun
FY24,Media Support Services,Academic Technology,a/o 6/30/24,Telecomm/Wireless,Telecomm & Network,4760,4760,5251.96,-491.96000000000004,2024-06-30,12,Jun
FY24,Media Support Services,Academic Technology,a/o 6/30/24,Hardware/Software,Software & Maintenance,9333,9333,7383.780000000001,1949.2199999999993,2024-06-30,12,Jun
FY24,Media Support Services,Academic Technology,a/o 6/30/24,Audio Equipment /Lease,Equipment & Hardware,0,0,26521.979999999996,-26521.979999999996,2024-06-30,12,Jun
FY24,Media Support Services,Academic Technology,a/o 6/30/24,Recoveries/ Internal,Recoveries & Revenue,-30000,-30000,-105575,75575,2024-06-30,12,Jun
FY24,Academic Technologies,Academic Technology,a/o 6/30/24,IT Salaries,Salaries,162840.2,162840.2,161813.52,1026.6800000000221,2024-06-30,12,Jun
FY24,Academic Technologies,Academic Technology,a/o 6/30/24,Fringe,Fringes,54881,54881,64076.04,-9195.04,2024-06-30,12,Jun
FY24,Academic Technologies,Academic Technology,a/o 6/30/24,Contractual/Printing,Supplies & Printing,6954,6954,44.04,6909.96,2024-06-30,12,Jun
FY24,Academic Technologies,Academic Technology,a/o 6/30/24,Telecomm,Telecomm & Network,0,0,1299.45,-1299.45,2024-06-30,12,Jun
FY24,Academic Technologies,Academic Technology,a/o 6/30/24,RamTech/Software,Software & Maintenance,0,0,370,-370,2024-06-30,12,Jun
FY24,Academic Technologies,Academic Technology,a/o 6/30/24,IT/Univ. Salaries,Salaries,494767.2,494767.2,540440.18,-45672.98000000004,2024-06-30,12,Jun
FY24,Academic Technologies,Academic Technology,a/o 6/30/24,OnCall/OT,Bonus/OT/VSDP,3333.4,3333.4,448,2885.4,2024-06-30,12,Jun
FY24,Academic Technologies,Academic Technology,a/o 6/30/24,Fringe,Fringes,168588,168588,209401.50999999998,-40813.50999999998,2024-06-30,12,Jun
FY24,Academic Technologies,Academic Technology,a/o 6/30/24,Recoveries,Recoveries & Revenue,0,0,-77768.52,77768.52,2024-06-30,12,Jun
FY24,Academic Technologies,Academic Technology,a/o 6/30/24,Supplies/Printing,Supplies & Printing,2000,2000,118.74,1881.26,2024-06-30,12,Jun
FY24,Academic Technologies,Academic Technology,a/o 6/30/24,Telecomm,Telecomm & Network,2280,2280,1749.4499999999998,530.5500000000002,2024-06-30,12,Jun
FY24,Academic Technologies,Academic Technology,a/o 6/30/24,Travel/Training,Training & Travel,2875,2875,5002.01,-2127.01,2024-06-30,12,Jun
FY24,Academic Technologies,Academic Technology,a/o 6/30/24,Software Maintenance,Software & Maintenance,732941.96,732941.96,752775.25,-19833.290000000037,2024-06-30,12,Jun
FY24,Media Support Services,Academic Technology,a/o 6/30/24,Salaries,Salaries,213291.4,153855.40000000002,179453.32,-25597.919999999984,2024-06-30,12,Jun
FY24,Media Support Services,Academic Technology,a/o 6/30/24,Fringes,Fringes,74626,74626,70694.33,3931.6699999999983,2024-06-30,12,Jun
FY24,Media Support Services,Academic Technology,a/o 6/30/24,Other,Other,0,0,30.66,-30.66,2024-06-30,12,Jun
FY24,Media Support Services,Academic Technology,a/o 6/30/24,Clothing/Supplies/Postage,Supplies & Printing,1200,1200,981.9,218.10000000000002,2024-06-30,12,Jun
FY24,Media Support Services,Academic Technology,a/o 6/30/24,University/FMD/Data/Fuel,Other,0,0,80.59,-80.59,2024-06-30,12,Jun
FY24,Media Support Services,Academic Technology,a/o 6/30/24,Telecomm/Wireless,Telecomm & Network,1080,1080,1138.2,-58.200000000000045,2024-06-30,12,Jun
FY24,Media Support Services,Academic Technology,a/o 6/30/24,Hardware/Software,Software & Maintenance,2400,2400,83841.8,-81441.8,2024-06-30,12,Jun
FY24,Media Support Services,Academic Technology,a/o 6/30/24,Audio Visual Equipment,Equipment & Hardware,0,0,905.67,-905.67,2024-06-30,12,Jun
FY24,Media Support Services,Academic Technology,a/o 6/30/24,Recoveries/Internal Serv. Charge,Recoveries & Revenue,-35000,-35000,-21850,-13150,2024-06-30,12,Jun
FY24,Information Security,Information Security,a/o 6/30/24,IT/Univ. Salaries,Salaries,671092.2,671092.2,799883.3,-128791.1000000001,2024-06-30,12,Jun
FY24,Information Security,Information Security,a/o 6/30/24,Student/Hourly Wages,Salaries,28000,28000,32093.74,-4093.7400000000016,2024-06-30,12,Jun
FY24,Information Security,Information Security,a/o 6/30/24,Bonus,Bonus/OT/VSDP,0,0,2000,-2000,2024-06-30,12,Jun
FY24,Information Security,Information Security,a/o 6/30/24,On Call,Bonus/OT/VSDP,0,0,192,-192,2024-06-30,12,Jun
FY24,Information Security,Information Security,a/o 6/30/24,Fringes,Fringes,219864,219864,317068.98000000004,-97204.98000000004,2024-06-30,12,Jun
FY24,Information Security,Information Security,a/o 6/30/24,Technical/Contractual Services,Contractual & Services,56855,56855,27865.32,28989.68,2024-06-30,12,Jun
FY24,Information Security,Information Security,a/o 6/30/24,Supplies/Printing/Postage,Supplies & Printing,10000,10000,6375.959999999999,3624.040000000001,2024-06-30,12,Jun
FY24,Information Security,Information Security,a/o 6/30/24,Telecomm/Wireless,Telecomm & Network,1520,1520,3050.5699999999997,-1530.5699999999997,2024-06-30,12,Jun
FY24,Information Security,Information Security,a/o 6/30/24,Training/Travel/Memberships,Training & Travel,8625,8625,27754.7,-19129.7,2024-06-30,12,Jun
FY24,Information Security,Information Security,a/o 6/30/24,Internal Service Charge,Recoveries & Revenue,0,0,-356094.68,356094.68,2024-06-30,12,Jun
FY24,Information Security,Information Security,a/o 6/30/24,Maintenance,Software & Maintenance,79729,79729,278307.8,-198578.8,2024-06-30,12,Jun
FY24,Information Security,Information Security,a/o 6/30/24,Hardware/RAMTech,Equipment & Hardware,20000,32305,16693.71,15611.29,2024-06-30,12,Jun
FY24,Information Security,Information Security,a/o 6/30/24,IT/Univ. Salaries,Salaries,445421.8,445421.8,526516.53,-81094.73000000004,2024-06-30,12,Jun
FY24,Information Security,Information Security,a/o 6/30/24,Hourly,Salaries,0,0,20992.24,-20992.24,2024-06-30,12,Jun
FY24,Information Security,Information Security,a/o 6/30/24,Hourly Fringe,Salaries,0,0,1689.31,-1689.31,2024-06-30,12,Jun
FY24,Information Security,Information Security,a/o 6/30/24,Fringes,Fringes,148424,148424,208216.88999999998,-59792.889999999985,2024-06-30,12,Jun
FY24,Information Security,Information Security,a/o 6/30/24,Telecomm/Wireless,Telecomm & Network,-360,-360,838.09,-1198.0900000000001,2024-06-30,12,Jun
FY24,Information Security,Information Security,a/o 6/30/24,IT/Univ. Salaries,Salaries,385683.8,385683.8,282486.39,103197.40999999997,2024-06-30,12,Jun
FY24,Information Security,Information Security,a/o 6/30/24,Fringes,Fringes,131645,131645,111603.51999999999,20041.48000000001,2024-06-30,12,Jun
FY24,Information Security,Information Security,a/o 6/30/24,Printing,Supplies & Printing,0,0,1.04,-1.04,2024-06-30,12,Jun
FY24,Information Security,Information Security,a/o 6/30/24,Telecomm,Telecomm & Network,1340,1340,1749.81,-409.80999999999995,2024-06-30,12,Jun
FY24,Information Security,Information Security,a/o 6/30/24,Software/Maintenance,Software & Maintenance,152682,152682,117015.61,35666.39,2024-06-30,12,Jun
FY24,Technology Support Services,Technical Support Services,a/o 6/30/24,Services,Other,0,0,888,-888,2024-06-30,12,Jun
FY24,Technology Support Services,Technical Support Services,a/o 6/30/24,Maintenance,Software & Maintenance,0,0,37970,-64285,2024-06-30,12,Jun
FY24,Technology Support Services,Technical Support Services,a/o 6/30/24,Supplies,Supplies & Printing,0,0,4417.16,-4417.16,2024-06-30,12,Jun
FY24,Technology Support Services,Technical Support Services,a/o 6/30/24,InfoTech/Univ Salaries/VSDP,Salaries,695848.03,695848.03,1072226.08,-376378.05000000005,2024-06-30,12,Jun
FY24,Technology Support Services,Technical Support Services,a/o 6/30/24,Bonuses,Bonus/OT/VSDP,3000,3000,3400,-400,2024-06-30,12,Jun
FY24,Technology Support Services,Technical Support Services,a/o 6/30/24,OT,Other,0,0,7510.05,-7510.05,2024-06-30,12,Jun
FY24,Technology Support Services,Technical Support Services,a/o 6/30/24,On Call,Bonus/OT/VSDP,0,0,943.38,-943.38,2024-06-30,12,Jun
FY24,Technology Support Services,Technical Support Services,a/o 6/30/24,Student/Hourly Wages,Salaries,46000,46000,82349.18,-36349.17999999999,2024-06-30,12,Jun
FY24,Technology Support Services,Technical Support Services,a/o 6/30/24,Fringe Part time,Fringes,1577,1577,198.92,1378.08,2024-06-30,12,Jun
FY24,Technology Support Services,Technical Support Services,a/o 6/30/24,Fringes,Fringes,200774,200774,418064.15,-217290.15000000002,2024-06-30,12,Jun
FY24,Technology Support Services,Technical Support Services,a/o 6/30/24,Recoveries/SLA's,Recoveries & Revenue,-30000,-30000,-531009.98,501009.98,2024-06-30,12,Jun
FY24,Technology Support Services,Technical Support Services,a/o 6/30/24,Technical/Printing,Supplies & Printing,0,0,20.46,-20.46,2024-06-30,12,Jun
FY24,Technology Support Services,Technical Support Services,a/o 6/30/24,Clothing/Supplies/Postage,Supplies & Printing,4400,4400,4223.6,176.39999999999964,2024-06-30,12,Jun
FY24,Technology Support Services,Technical Support Services,a/o 6/30/24,Training/Travel,Training & Travel,6325,6325,2000,4325,2024-06-30,12,Jun
FY24,Technology Support Services,Technical Support Services,a/o 6/30/24,University/FMD/Parking,Other,0,0,4464,-4464,2024-06-30,12,Jun
FY24,Technology Support Services,Technical Support Services,a/o 6/30/24,Telecomm/Wireless,Telecomm & Network,3600,3600,6091.469999999999,-2491.4699999999993,2024-06-30,12,Jun
FY24,Technology Support Services,Technical Support Services,a/o 6/30/24,Software/Maintenance,Software & Maintenance,0,0,3267.19,-3267.19,2024-06-30,12,Jun
FY24,Technology Support Services,Technical Support Services,a/o 6/30/24,Equipment /RAMTECH,Equipment & Hardware,8800,8800,9684.88,-884.8799999999992,2024-06-30,12,Jun
FY24,Technology Support Services,Technical Support Services,a/o 6/30/24,Hourly Wages,Salaries,0,0,31468.5,-31468.5,2024-06-30,12,Jun
FY24,Technology Support Services,Technical Support Services,a/o 6/30/24,University Salary/VSDP/OT,Salaries,19320.8,20797.8,108324.54000000001,-87526.74,2024-06-30,12,Jun
FY24,Technology Support Services,Technical Support Services,a/o 6/30/24,Fringe,Fringes,1997,1997,42736.65,-40739.65,2024-06-30,12,Jun
FY24,Technology Support Services,Technical Support Services,a/o 6/30/24,Supplies/Employee Clothing,Supplies & Printing,0,123851,57845.03,66005.97,2024-06-30,12,Jun
FY24,Technology Support Services,Technical Support Services,a/o 6/30/24,Contractual,Contractual & Services,0,0,103.28,-103.28,2024-06-30,12,Jun
FY24,Technology Support Services,Technical Support Services,a/o 6/30/24,Bank Charges,Other,0,0,612.55,-612.55,2024-06-30,12,Jun
FY24,Technology Support Services,Technical Support Services,a/o 6/30/24,Revenue,Recoveries & Revenue,0,0,-201860.23,201860.23,2024-06-30,12,Jun
FY24,Technology Support Services,Technical Support Services,a/o 6/30/24,Internal Service Charge,Recoveries & Revenue,0,0,-7327.85,7327.85,2024-06-30,12,Jun
FY24,Technology Support Services,Technical Support Services,a/o 6/30/24,Telecomm/Wireless,Telecomm & Network,0,0,21.2,-21.2,2024-06-30,12,Jun
FY24,Technology Support Services,Technical Support Services,a/o 6/30/24,Salaries,Salaries,531483.6,531483.6,515262.32,16221.27999999997,2024-06-30,12,Jun
FY24,Technology Support Services,Technical Support Services,a/o 6/30/24,On Call,Bonus/OT/VSDP,0,0,471,-471,2024-06-30,12,Jun
FY24,Technology Support Services,Technical Support Services,a/o 6/30/24,Bonuses,Bonus/OT/VSDP,4333,4333,2001,2332,2024-06-30,12,Jun
FY24,Technology Support Services,Technical Support Services,a/o 6/30/24,Student/Hourly Wages,Salaries,80417,80417,328382.07,-247965.07,2024-06-30,12,Jun
FY24,Technology Support Services,Technical Support Services,a/o 6/30/24,Fringe PT,Fringes,6645,6645,18745.21,-12100.21,2024-06-30,12,Jun
FY24,Technology Support Services,Technical Support Services,a/o 6/30/24,Fringes,Fringes,189344,189344,198094.87,-8750.869999999995,2024-06-30,12,Jun
FY24,Technology Support Services,Technical Support Services,a/o 6/30/24,OnePrint SLA/Printing,Supplies & Printing,0,0,104.3,-104.3,2024-06-30,12,Jun
FY24,Technology Support Services,Technical Support Services,a/o 6/30/24,Contractual/Other,Bonus/OT/VSDP,0,0,29.34,-29.34,2024-06-30,12,Jun
FY24,Technology Support Services,Technical Support Services,a/o 6/30/24,Clothing/Supplies/Postage,Supplies & Printing,10600,10600,19006.24,-8406.240000000002,2024-06-30,12,Jun
FY24,Technology Support Services,Technical Support Services,a/o 6/30/24,Training/Travel,Training & Travel,9966,9966,1043,8923,2024-06-30,12,Jun
FY24,Technology Support Services,Technical Support Services,a/o 6/30/24,University/FMD/Lease,Other,0,0,159.7,-159.7,2024-06-30,12,Jun
FY24,Technology Support Services,Technical Support Services,a/o 6/30/24,Telecomm/Wireless,Telecomm & Network,44120,44120,40373.09999999999,3746.9000000000087,2024-06-30,12,Jun
FY24,Technology Support Services,Technical Support Services,a/o 6/30/24,Maintenance,Software & Maintenance,0,0,7442.52,-7442.52,2024-06-30,12,Jun
FY24,Technology Support Services,Technical Support Services,a/o 6/30/24,Recoveries/VCU Online,Recoveries & Revenue,-40000,-40000,-71504,31504,2024-06-30,12,Jun
FY24,Campus Card Services,Technical Support Services,a/o 6/30/24,Equipment Maintenance,Software & Maintenance,425837,425837,127471.78,298365.22,2024-06-30,12,Jun
FY24,Campus Card Services,Technical Support Services,a/o 6/30/24,Electrical Maintenance/Service,Software & Maintenance,0,0,30675.36,-30675.36,2024-06-30,12,Jun
FY24,Campus Card Services,Technical Support Services,a/o 6/30/24,FMD,Other,0,0,142,-142,2024-06-30,12,Jun
FY24,Campus Card Services,Technical Support Services,a/o 6/30/24,Other,Other,0,0,-2466.37,2466.37,2024-06-30,12,Jun
FY24,Campus Card Services,Technical Support Services,a/o 6/30/24,Equipment Install,Equipment & Hardware,0,0,298446.76,-298446.76,2024-06-30,12,Jun
FY24,Campus Card Services,Technical Support Services,a/o 6/30/24,Recoveries,Recoveries & Revenue,0,0,-1560,1560,2024-06-30,12,Jun
FY24,Campus Card Services,Technical Support Services,a/o 6/30/24,Classified Salary/VSDP,Salaries,196571.72,196571.72,557068.52,-360496.80000000005,2024-06-30,12,Jun
FY24,Campus Card Services,Technical Support Services,a/o 6/30/24,Classified /Univ OT,Other,8571.6,8571.6,17652.56,-9080.960000000001,2024-06-30,12,Jun
FY24,Campus Card Services,Technical Support Services,a/o 6/30/24,On Call,Bonus/OT/VSDP,0,0,650.9,-650.9,2024-06-30,12,Jun
FY24,Campus Card Services,Technical Support Services,a/o 6/30/24,Bonus,Bonus/OT/VSDP,0,0,2000,-2000,2024-06-30,12,Jun
FY24,Campus Card Services,Technical Support Services,a/o 6/30/24,Hourly/Student Wages,Salaries,65000,65000,137562.86,-72562.85999999999,2024-06-30,12,Jun
FY24,Campus Card Services,Technical Support Services,a/o 6/30/24,Fringe PT,Fringes,2538,2538,4155.27,-1617.2700000000004,2024-06-30,12,Jun
FY24,Campus Card Services,Technical Support Services,a/o 6/30/24,Fringes,Fringes,149525,149525,212735.40000000002,-63210.40000000002,2024-06-30,12,Jun
FY24,Campus Card Services,Technical Support Services,a/o 6/30/24,Express/Messenger Services,Other,26500,26500,1050.5,25449.5,2024-06-30,12,Jun
FY24,Campus Card Services,Technical Support Services,a/o 6/30/24,Contractual - Printing/Advertising,Supplies & Printing,50838,100638,10536.4,90101.6,2024-06-30,12,Jun
FY24,Campus Card Services,Technical Support Services,a/o 6/30/24,Electrical/Hardware Maintenance,Software & Maintenance,168110,168110,300.97,167809.03,2024-06-30,12,Jun
FY24,Campus Card Services,Technical Support Services,a/o 6/30/24,Software,Software & Maintenance,0,0,859.84,-859.84,2024-06-30,12,Jun
FY24,Campus Card Services,Technical Support Services,a/o 6/30/24,Supplies,Supplies & Printing,35600,35600,28370.420000000006,7229.5799999999945,2024-06-30,12,Jun
FY24,Campus Card Services,Technical Support Services,a/o 6/30/24,Other,Other,0,0,561.88,-561.88,2024-06-30,12,Jun
FY24,Campus Card Services,Technical Support Services,a/o 6/30/24,Photographic Supplies,Supplies & Printing,110055,110055,168326,-58271,2024-06-30,12,Jun
FY24,Campus Card Services,Technical Support Services,a/o 6/30/24,Fuel/Parking,Other,1000,1000,5897.35,-4897.35,2024-06-30,12,Jun
FY24,Campus Card Services,Technical Support Services,a/o 6/30/24,Freight/Postage/Mail,Supplies & Printing,1000,1000,5222.83,-4222.83,2024-06-30,12,Jun
FY24,Campus Card Services,Technical Support Services,a/o 6/30/24,Telecomm,Telecomm & Network,11800,11800,6676.38,5123.62,2024-06-30,12,Jun
FY24,Campus Card Services,Technical Support Services,a/o 6/30/24,Training/Travel,Training & Travel,4025,4025,1378.33,2646.67,2024-06-30,12,Jun
FY24,Campus Card Services,Technical Support Services,a/o 6/30/24,FMD/Data Install,Other,5000,5000,3146.46,1853.54,2024-06-30,12,Jun
FY24,Campus Card Services,Technical Support Services,a/o 6/30/24,Bank Charges,Other,30000,30000,15645.35,14354.65,2024-06-30,12,Jun
FY24,Campus Card Services,Technical Support Services,a/o 6/30/24,Equipment/RamTech,Equipment & Hardware,52846,52846,13319.77,39526.229999999996,2024-06-30,12,Jun
FY24,Campus Card Services,Technical Support Services,a/o 6/30/24,Recoveries/Internal charge,Recoveries & Revenue,-100036,-100036,-43356.65,-56679.35,2024-06-30,12,Jun
FY24,Campus Card Services,Technical Support Services,a/o 6/30/24,Sales/Services(Revenue),Recoveries & Revenue,-350000,-350000,-395871.69,45871.69,2024-06-30,12,Jun
FY24,Technology Support Services,Technical Support Services,a/o 6/30/24,Classified/IT Salaries,Salaries,182756.8,182756.8,160371.48,22385.319999999978,2024-06-30,12,Jun
FY24,Technology Support Services,Technical Support Services,a/o 6/30/24,Fringes,Fringes,63004,63004,63407.96000000001,-403.9600000000064,2024-06-30,12,Jun
FY24,Technology Support Services,Technical Support Services,a/o 6/30/24,Technical/ Other,Other,68063,68063,-350,68413,2024-06-30,12,Jun
FY24,Technology Support Services,Technical Support Services,a/o 6/30/24,Software Maintenance,Software & Maintenance,-66793,-66793,30650.74,-97443.74,2024-06-30,12,Jun
FY24,Technology Support Services,Technical Support Services,a/o 6/30/24,Contractual/Printing,Supplies & Printing,8432,8432,9.04,8422.96,2024-06-30,12,Jun
FY24,Technology Support Services,Technical Support Services,a/o 6/30/24,Supplies,Supplies & Printing,6316,6316,10863.08,-4547.08,2024-06-30,12,Jun
FY24,Technology Support Services,Technical Support Services,a/o 6/30/24,Fuel/Fleet,Other,0,0,269.13,-269.13,2024-06-30,12,Jun
FY24,Technology Support Services,Technical Support Services,a/o 6/30/24,Telecomm/Wireless,Telecomm & Network,6520,6520,656.97,5863.03,2024-06-30,12,Jun
FY24,Technology Support Services,Technical Support Services,a/o 6/30/24,University Services/FMD,Other,0,0,398,-398,2024-06-30,12,Jun
FY24,Technology Support Services,Technical Support Services,a/o 6/30/24,Lease Equipment,Equipment & Hardware,5000,5000,2118.26,2881.74,2024-06-30,12,Jun
FY24,Technology Support Services,Technical Support Services,a/o 6/30/24,Training/Travel,Training & Travel,1725,1725,1627.15,97.84999999999991,2024-06-30,12,Jun
FY24,Technology Support Services,Technical Support Services,a/o 6/30/24,Postage/Shipping,Supplies & Printing,1400,1400,103.16,1296.84,2024-06-30,12,Jun
FY24,Technology Support Services,Technical Support Services,a/o 6/30/24,Internal charge,Recoveries & Revenue,0,0,500,-500,2024-06-30,12,Jun
FY24,Technology Support Services,Technical Support Services,a/o 6/30/24,Classified/IT/Univ. Salaries,Salaries,375307.2,375307.2,360311.78,14995.419999999984,2024-06-30,12,Jun
FY24,Technology Support Services,Technical Support Services,a/o 6/30/24,Fringes,Fringes,130026,130026,142235.93000000002,-12209.930000000022,2024-06-30,12,Jun
FY24,Technology Support Services,Technical Support Services,a/o 6/30/24,Technical/Printing,Supplies & Printing,0,0,34612.56,-34612.56,2024-06-30,12,Jun
FY24,Technology Support Services,Technical Support Services,a/o 6/30/24,Clothing/Supplies/Postage,Supplies & Printing,1200,1200,766.77,433.23,2024-06-30,12,Jun
FY24,Technology Support Services,Technical Support Services,a/o 6/30/24,Training/Travel,Training & Travel,1725,1725,420,1305,2024-06-30,12,Jun
FY24,Technology Support Services,Technical Support Services,a/o 6/30/24,Telecomm/Wireless,Telecomm & Network,960,960,1197.4,-237.4000000000001,2024-06-30,12,Jun
FY24,Technology Support Services,Technical Support Services,a/o 6/30/24,Maintenance,Software & Maintenance,225160,225160,297629.12,-72469.12,2024-06-30,12,Jun
FY24,Technology Support Services,Technical Support Services,a/o 6/30/24,Salaries,Salaries,75331.8,75331.8,76002.48,-670.679999999993,2024-06-30,12,Jun
FY24,Technology Support Services,Technical Support Services,a/o 6/30/24,Fringes,Fringes,26073,26073,29899.59,-3826.59,2024-06-30,12,Jun
FY24,Technology Support Services,Technical Support Services,a/o 6/30/24,Supplies/Postage,Supplies & Printing,3533,3533,3309.49,223.51000000000022,2024-06-30,12,Jun
FY24,Technology Support Services,Technical Support Services,a/o 6/30/24,Telecomm,Telecomm & Network,640,640,180,460,2024-06-30,12,Jun
FY24,Technology Support Services,Technical Support Services,a/o 6/30/24,Software/Hardware,Software & Maintenance,3067,3067,1104,1963,2024-06-30,12,Jun
FY24,Campus Card Services,Technical Support Services,a/o 6/30/24,Printing Services,Supplies & Printing,0,10770,-4577.61,15347.61,2024-06-30,12,Jun
FY24,Technology Support Services,Technical Support Services,a/o 6/30/24,Internal Service Charge,Recoveries & Revenue,0,0,-69.03,69.03,2024-06-30,12,Jun
FY24,Technology Support Services,Technical Support Services,a/o 6/30/24,Supplies,Supplies & Printing,0,0,69.03,-69.03,2024-06-30,12,Jun
FY25,Central Services,Central Services,a/o 6/30/25,Univ. Salaries,Salaries,462552,472774,483136.19,-10362.190000000002,2025-06-30,12,Jun
FY25,Central Services,Central Services,a/o 6/30/25,Bonus/OT,Bonus/OT/VSDP,0,0,8402.15,-8402.15,2025-06-30,12,Jun
FY25,Central Services,Central Services,a/o 6/30/25,Fringes,Fringes,151281,143693,186544.75999999998,-42851.75999999998,2025-06-30,12,Jun
FY25,Central Services,Central Services,a/o 6/30/25,Recovery,Recoveries & Revenue,0,0,1505.11,-1505.11,2025-06-30,12,Jun
FY25,Central Services,Central Services,a/o 6/30/25,Printing,Supplies & Printing,0,0,43.56,-43.56,2025-06-30,12,Jun
FY25,Central Services,Central Services,a/o 6/30/25,Training/Travel,Training & Travel,3257,3257,6205.37,-2948.37,2025-06-30,12,Jun
FY25,Central Services,Central Services,a/o 6/30/25,Supplies/Postage,Supplies & Printing,6000,6000,278.16999999999996,5721.83,2025-06-30,12,Jun
FY25,Central Services,Central Services,a/o 6/30/25,Telecomm,Telecomm & Network,2291,2291,1622.16,668.8399999999999,2025-06-30,12,Jun
FY25,Central Services,Central Services,a/o 6/30/25,Hardware/Software/RamTech,Software & Maintenance,5061,5061,3287.88,1773.12,2025-06-30,12,Jun
FY25,Technology Services,Central Services,a/o 6/30/25,Travel/Training,Training & Travel,2875,2875,46098.6,-43223.6,2025-06-30,12,Jun
FY25,Technology Services,Central Services,a/o 6/30/25,Supplies/Shipping/Printing,Supplies & Printing,4000,4000,144.57999999999998,3855.42,2025-06-30,12,Jun
FY25,Technology Services,Central Services,a/o 6/30/25,University Charges,Other,0,0,819,-819,2025-06-30,12,Jun
FY25,Technology Services,Central Services,a/o 6/30/25,Telecomm,Telecomm & Network,0,0,960.78,-960.78,2025-06-30,12,Jun
FY25,Technology Services,Central Services,a/o 6/30/25,Software Dev. /Maintenance,Software & Maintenance,0,16000,12679.82,3320.1800000000003,2025-06-30,12,Jun
FY25,Technology Services,Central Services,a/o 6/30/25,Hourly Fringe,Salaries,0,0,5958,-5958,2025-06-30,12,Jun
FY25,Technology Services,Central Services,a/o 6/30/25,IT/ University Salaries,Salaries,427376,435604,397187.04,38416.96000000002,2025-06-30,12,Jun
FY25,Technology Services,Central Services,a/o 6/30/25,Fringes,Fringes,208782,208782,153598.21,55183.79000000001,2025-06-30,12,Jun
FY25,Technology Services,Central Services,a/o 6/30/25,Memberships/Publications,Training & Travel,0,40000,100153.62,-60153.619999999995,2025-06-30,12,Jun
FY25,Technology Services,Central Services,a/o 6/30/25,Printing,Supplies & Printing,0,0,27.91,-27.91,2025-06-30,12,Jun
FY25,Technology Services,Central Services,a/o 6/30/25,Supplies/Postage,Supplies & Printing,2510,2510,287.67,2222.33,2025-06-30,12,Jun
FY25,Technology Services,Central Services,a/o 6/30/25,Electrical,Other,0,0,5306.48,-5306.48,2025-06-30,12,Jun
FY25,Technology Services,Central Services,a/o 6/30/25,Telecomm/Wireless,Telecomm & Network,1440,1440,385.01,1054.99,2025-06-30,12,Jun
FY25,Technology Services,Central Services,a/o 6/30/25,Hardware/Software Maintenance,Software & Maintenance,144508,144508,9458.75,135049.25,2025-06-30,12,Jun
FY25,Technology Services,Central Services,a/o 6/30/25,Comcast Cable Service,Telecomm & Network,0,0,192.64,-192.64,2025-06-30,12,Jun
FY25,Technology Services,Central Services,a/o 6/30/25,Building/Office Supplies,Supplies & Printing,17800,30584,19641.11,10942.89,2025-06-30,12,Jun
FY25,Technology Services,Central Services,a/o 6/30/25,Lease Equipment,Equipment & Hardware,3200,3200,2049.86,1150.1399999999999,2025-06-30,12,Jun
FY25,Technology Services,Central Services,a/o 6/30/25,University Srvcs,Other,1000,1000,350,650,2025-06-30,12,Jun
FY25,Technology Services,Central Services,a/o 6/30/25,Physical Plant/Repair,Other,0,0,1134.91,-1134.91,2025-06-30,12,Jun
FY25,Technology Services,Central Services,a/o 6/30/25,Internal Charge,Recoveries & Revenue,0,0,43935.21,-43935.21,2025-06-30,12,Jun
FY25,Technology Services,Central Services,a/o 6/30/25,Telecomm/Wireless,Telecomm & Network,4000,4000,7146.2699999999995,-3146.2699999999995,2025-06-30,12,Jun
FY25,Technology Services,Central Services,a/o 6/30/25,Office Furniture,Other,20000,20000,7056.55,12943.45,2025-06-30,12,Jun
FY25,Technology Services,Central Services,a/o 6/30/25,Hardware Maintenance/Network,Software & Maintenance,131000,131000,8140.64,122859.36,2025-06-30,12,Jun
FY25,Technology Services,Central Services,a/o 6/30/25,Contractual,Contractual & Services,0,0,138849.72,-138849.72,2025-06-30,12,Jun
FY25,Technology Services,Central Services,a/o 6/30/25,Other/Membership,Training & Travel,0,0,27473,-27473,2025-06-30,12,Jun
FY25,Technology Services,Central Services,a/o 6/30/25,Software Maintenance,Software & Maintenance,0,2864827,2304778.91,560048.0899999999,2025-06-30,12,Jun
FY25,Technology Services,Central Services,a/o 6/30/25,Technical/Computer Consulting,Equipment & Hardware,94000,94000,10000,84000,2025-06-30,12,Jun
FY25,Technology Services,Central Services,a/o 6/30/25,Internal charge,Recoveries & Revenue,0,0,-34529.82,34529.82,2025-06-30,12,Jun
FY25,Technology Services,Central Services,a/o 6/30/25,Data Supplies/Contractual,Supplies & Printing,0,2349625,369882.21,1979742.79,2025-06-30,12,Jun
FY25,Technology Services,Central Services,a/o 6/30/25,Audio Visual,Other,0,0,674181.5,-674181.5,2025-06-30,12,Jun
FY25,Technology Services,Central Services,a/o 6/30/25,Software,Software & Maintenance,0,0,999788.27,-999788.27,2025-06-30,12,Jun
FY25,Technology Services,Central Services,a/o 6/30/25,Hardware/Equipment,Equipment & Hardware,0,522697,36131.4,486565.6,2025-06-30,12,Jun
FY25,Technology Services,Central Services,a/o 6/30/25,Internal Charge,Recoveries & Revenue,0,0,50000,-50000,2025-06-30,12,Jun
FY25,Technology Services,Central Services,a/o 6/30/25,Contractual/ Internal Serv. Charge,Recoveries & Revenue,0,0,-253098.1,253098.1,2025-06-30,12,Jun
FY25,Technology Services,Central Services,a/o 6/30/25,Maintenance,Software & Maintenance,-18500,160200,167.4,160032.6,2025-06-30,12,Jun
FY25,Technology Services,Central Services,a/o 6/30/25,Other Sales - Kivuto,Other,0,0,138816.75,-138816.75,2025-06-30,12,Jun
FY25,Technology Services,Central Services,a/o 6/30/25,Hourly Wages,Salaries,0,0,9714.31,-9714.31,2025-06-30,12,Jun
FY25,Technology Services,Central Services,a/o 6/30/25,IT/Univ Salary/Bonus,Salaries,165372,173334,353229.44,-179895.44,2025-06-30,12,Jun
FY25,Technology Services,Central Services,a/o 6/30/25,Hr.Fringes/Fringes,Fringes,49678,45438,130877.64999999998,-85439.64999999998,2025-06-30,12,Jun
FY25,Technology Services,Central Services,a/o 6/30/25,Telecomm Sppt./Internal,Telecomm & Network,-360,-360,2350,-2710,2025-06-30,12,Jun
FY25,Technology Services,Central Services,a/o 6/30/25,Supplies/Printing,Supplies & Printing,1200,1200,595.28,604.72,2025-06-30,12,Jun
FY25,Technology Services,Central Services,a/o 6/30/25,Travel/Training,Training & Travel,1725,1725,1814,-89,2025-06-30,12,Jun
FY25,Technology Services,Central Services,a/o 6/30/25,Telecomm,Telecomm & Network,1440,1440,838.9,601.1,2025-06-30,12,Jun
FY25,Technology Services,Central Services,a/o 6/30/25,Equipment/RamTech/Software,Software & Maintenance,2000,2000,26051.510000000002,-24051.510000000002,2025-06-30,12,Jun
FY25,Network Services,Network & Infrastructure,a/o 6/30/25,Supplies/Maintenance,Software & Maintenance,0,0,258176.93000000002,-258176.93000000002,2025-06-30,12,Jun
FY25,Network Services,Network & Infrastructure,a/o 6/30/25,Network/Data Supplies,Supplies & Printing,185000,185000,43524.27,141475.73,2025-06-30,12,Jun
FY25,Network Services,Network & Infrastructure,a/o 6/30/25,Network Components,Telecomm & Network,0,0,400.95,-400.95,2025-06-30,12,Jun
FY25,Network Services,Network & Infrastructure,a/o 6/30/25,Training,Training & Travel,0,0,5363.21,-5363.21,2025-06-30,12,Jun
FY25,Network Services,Network & Infrastructure,a/o 6/30/25,Staff Payments/RamTech,Equipment & Hardware,0,0,11821.36,-11821.36,2025-06-30,12,Jun
FY25,Network Services,Network & Infrastructure,a/o 6/30/25,IT Salaries,Salaries,2304381,2347108,2070742.9300000002,276365.06999999983,2025-06-30,12,Jun
FY25,Network Services,Network & Infrastructure,a/o 6/30/25,Classified On Call,Bonus/OT/VSDP,5238,5238,1576,3662,2025-06-30,12,Jun
FY25,Network Services,Network & Infrastructure,a/o 6/30/25,Classified Overtime/VSDP,Bonus/OT/VSDP,476,476,18420.76,-17944.76,2025-06-30,12,Jun
FY25,Network Services,Network & Infrastructure,a/o 6/30/25,Bonus,Bonus/OT/VSDP,4000,4000,50939,-46939,2025-06-30,12,Jun
FY25,Network Services,Network & Infrastructure,a/o 6/30/25,Fringes,Fringes,788108,752886,803357.79,-50471.79000000004,2025-06-30,12,Jun
FY25,Network Services,Network & Infrastructure,a/o 6/30/25,Contractual/Maintenance,Software & Maintenance,-66825,1670,672.61,997.39,2025-06-30,12,Jun
FY25,Network Services,Network & Infrastructure,a/o 6/30/25,Training/Travel,Training & Travel,13625,13625,3729.38,9895.619999999999,2025-06-30,12,Jun
FY25,Network Services,Network & Infrastructure,a/o 6/30/25,Supp/Fuel/Postage,Supplies & Printing,9357,9357,539.24,8817.76,2025-06-30,12,Jun
FY25,Network Services,Network & Infrastructure,a/o 6/30/25,University/FMD/Other,Bonus/OT/VSDP,6000,6000,80,5920,2025-06-30,12,Jun
FY25,Network Services,Network & Infrastructure,a/o 6/30/25,Fleet Mgt/Parking,Other,7370,7370,6357.96,1012.04,2025-06-30,12,Jun
FY25,Network Services,Network & Infrastructure,a/o 6/30/25,Telecomm/Wireless,Telecomm & Network,23052,23052,6413.57,16638.43,2025-06-30,12,Jun
FY25,Network Services,Network & Infrastructure,a/o 6/30/25,Printing,Supplies & Printing,0,0,90.89,-90.89,2025-06-30,12,Jun
FY25,Network Services,Network & Infrastructure,a/o 6/30/25,Operating Lease Equipment,Equipment & Hardware,1500,1500,8696.52,-7196.52,2025-06-30,12,Jun
FY25,Network Services,Network & Infrastructure,a/o 6/30/25,Lease/Equipment,Equipment & Hardware,30410,30410,20449.92,9960.080000000002,2025-06-30,12,Jun
FY25,Network Services,Network & Infrastructure,a/o 6/30/25,Recoveries from Housing,Recoveries & Revenue,0,-68495,-74178,5683,2025-06-30,12,Jun
FY25,Network Services,Network & Infrastructure,a/o 6/30/25,Recoveries/Labor/Data Install,Recoveries & Revenue,-50000,-50000,-35280,-14720,2025-06-30,12,Jun
FY25,Network Services,Network & Infrastructure,a/o 6/30/25,Recoveries/Internal,Recoveries & Revenue,-350000,-350000,-230161.31,-119838.69,2025-06-30,12,Jun
FY25,Network Services,Network & Infrastructure,a/o 6/30/25,Contractual,Contractual & Services,90000,90000,37.34,89962.66,2025-06-30,12,Jun
FY25,Network Services,Network & Infrastructure,a/o 6/30/25,Network/Data Supplies,Supplies & Printing,1000000,1000000,722205.7,277794.30000000005,2025-06-30,12,Jun
FY25,Network Services,Network & Infrastructure,a/o 6/30/25,Data Installation,Other,0,0,-1427698.87,1427698.87,2025-06-30,12,Jun
FY25,Network Services,Network & Infrastructure,a/o 6/30/25,Network Components,Telecomm & Network,190000,190000,632.21,189367.79,2025-06-30,12,Jun
FY25,Network Services,Network & Infrastructure,a/o 6/30/25,VCUHS Revenue/Other Sales,Bonus/OT/VSDP,-5000,-5000,-2112.39,-2887.61,2025-06-30,12,Jun
FY25,Network Services,Network & Infrastructure,a/o 6/30/25,Network Costs,Telecomm & Network,100000,100000,108662,-8662,2025-06-30,12,Jun
FY25,Network Services,Network & Infrastructure,a/o 6/30/25,Tele Circuits,Telecomm & Network,136066,136066,140176.02,-4110.0199999999895,2025-06-30,12,Jun
FY25,Network Services,Network & Infrastructure,a/o 6/30/25,Skilled Services,Contractual & Services,200000,200000,170767.07,29232.929999999993,2025-06-30,12,Jun
FY25,Network Services,Network & Infrastructure,a/o 6/30/25,Maintenance,Software & Maintenance,0,0,4054.32,-4054.32,2025-06-30,12,Jun
FY25,Network Services,Network & Infrastructure,a/o 6/30/25,Housing Bandwidth,Other,0,0,-186662,186662,2025-06-30,12,Jun
FY25,Network Services,Network & Infrastructure,a/o 6/30/25,Other  VCUHS Revenue,Recoveries & Revenue,0,0,-13563.81,13563.81,2025-06-30,12,Jun
FY25,Network Services,Network & Infrastructure,a/o 6/30/25,Recovery,Recoveries & Revenue,-55600,-55600,-162557.8,106957.79999999999,2025-06-30,12,Jun
FY25,Network Services,Network & Infrastructure,a/o 6/30/25,Network/Data Components,Telecomm & Network,0,0,25636.25,-25636.25,2025-06-30,12,Jun
FY25,Network Services,Network & Infrastructure,a/o 6/30/25,Electrical,Other,0,0,1545.77,-1545.77,2025-06-30,12,Jun
FY25,Network Services,Network & Infrastructure,a/o 6/30/25,Salaries,Salaries,2131622,2166870,1753595.94,413274.06000000006,2025-06-30,12,Jun
FY25,Network Services,Network & Infrastructure,a/o 6/30/25,On Call,Bonus/OT/VSDP,8095,8095,1108,6987,2025-06-30,12,Jun
FY25,Network Services,Network & Infrastructure,a/o 6/30/25,Bonuses,Bonus/OT/VSDP,19000,19000,42672,-23672,2025-06-30,12,Jun
FY25,Network Services,Network & Infrastructure,a/o 6/30/25,VSDP/Leave Payout,Bonus/OT/VSDP,0,0,9696.96,-9696.96,2025-06-30,12,Jun
FY25,Network Services,Network & Infrastructure,a/o 6/30/25,Fringes,Fringes,838680,811209,673263.3999999999,137945.6000000001,2025-06-30,12,Jun
FY25,Network Services,Network & Infrastructure,a/o 6/30/25,Consultant/Contractual,Contractual & Services,10843,10843,25840,-14997,2025-06-30,12,Jun
FY25,Network Services,Network & Infrastructure,a/o 6/30/25,University/Repair maint/Fuel,Software & Maintenance,0,0,2352,-2352,2025-06-30,12,Jun
FY25,Network Services,Network & Infrastructure,a/o 6/30/25,Express/Courier Services,Other,14540,14540,7686,6854,2025-06-30,12,Jun
FY25,Network Services,Network & Infrastructure,a/o 6/30/25,Supplies,Supplies & Printing,63500,63500,24038.04,39461.96,2025-06-30,12,Jun
FY25,Network Services,Network & Infrastructure,a/o 6/30/25,Recovery/Internal charge,Recoveries & Revenue,0,0,17813.55,-17813.55,2025-06-30,12,Jun
FY25,Network Services,Network & Infrastructure,a/o 6/30/25,Telecomm,Telecomm & Network,12813,12813,9836.39,2976.6100000000006,2025-06-30,12,Jun
FY25,Network Services,Network & Infrastructure,a/o 6/30/25,Leases/Printing,Supplies & Printing,2445,2445,1380.74,1064.26,2025-06-30,12,Jun
FY25,Network Services,Network & Infrastructure,a/o 6/30/25,Training/Travel,Training & Travel,11500,11500,400,11100,2025-06-30,12,Jun
FY25,Network Services,Network & Infrastructure,a/o 6/30/25,FMD/Parking,Other,2500,2500,1141.38,1358.62,2025-06-30,12,Jun
FY25,Network Services,Network & Infrastructure,a/o 6/30/25,Hardware Maintenance,Software & Maintenance,0,0,80560.66,-80560.66,2025-06-30,12,Jun
FY25,Network Services,Network & Infrastructure,a/o 6/30/25,Software Maintenance,Software & Maintenance,233998,233998,807494.94,-631218.7599999999,2025-06-30,12,Jun
FY25,Network Services,Network & Infrastructure,a/o 6/30/25,Other Equipment,Equipment & Hardware,15000,15000,39250.11,-24250.11,2025-06-30,12,Jun
FY25,Network Services,Network & Infrastructure,a/o 6/30/25,Recoveries/SLA Fees,Recoveries & Revenue,-126453,-126453,-570903.2300000001,444450.2300000001,2025-06-30,12,Jun
FY25,Network Services,Network & Infrastructure,a/o 6/30/25,Recoveries/SAN Fees,Recoveries & Revenue,-40000,-40000,-11285,-28715,2025-06-30,12,Jun
FY25,Network Services,Network & Infrastructure,a/o 6/30/25,Salaries,Salaries,545559,556478,523106.16000000003,33371.83999999997,2025-06-30,12,Jun
FY25,Network Services,Network & Infrastructure,a/o 6/30/25,On Call,Bonus/OT/VSDP,7143,7143,376,6767,2025-06-30,12,Jun
FY25,Network Services,Network & Infrastructure,a/o 6/30/25,OT/Bonuses,Bonus/OT/VSDP,3500,3500,29541.17,-26041.17,2025-06-30,12,Jun
FY25,Network Services,Network & Infrastructure,a/o 6/30/25,Hourly/IT HourlyWages,Salaries,57000,57000,67700.83,-10700.830000000002,2025-06-30,12,Jun
FY25,Network Services,Network & Infrastructure,a/o 6/30/25,Hourly Fringe,Salaries,3718,3718,5176.43,-1458.4300000000003,2025-06-30,12,Jun
FY25,Network Services,Network & Infrastructure,a/o 6/30/25,Fringes,Fringes,192578,183748,206876.6,-23128.600000000006,2025-06-30,12,Jun
FY25,Administrative Systems,Application Services,a/o 6/30/25,IT/Univ Salaries,Salaries,1413092,1443821,1554251.12,-110430.12000000011,2025-06-30,12,Jun
FY25,Administrative Systems,Application Services,a/o 6/30/25,On Call,Bonus/OT/VSDP,4762,4762,132,4630,2025-06-30,12,Jun
FY25,Administrative Systems,Application Services,a/o 6/30/25,Awards/Bonuses,Bonus/OT/VSDP,10000,10000,31167,-21167,2025-06-30,12,Jun
FY25,Administrative Systems,Application Services,a/o 6/30/25,Fringe,Fringes,578781,553777,603254.99,-49477.98999999999,2025-06-30,12,Jun
FY25,Administrative Systems,Application Services,a/o 6/30/25,Technical Services/Consulting,Contractual & Services,7980,7980,40185,-32205,2025-06-30,12,Jun
FY25,Administrative Systems,Application Services,a/o 6/30/25,Telecomm,Telecomm & Network,5280,5280,2610,2670,2025-06-30,12,Jun
FY25,Administrative Systems,Application Services,a/o 6/30/25,Other,Other,0,0,1166,-1166,2025-06-30,12,Jun
FY25,Administrative Systems,Application Services,a/o 6/30/25,Maintenance,Software & Maintenance,701560,701560,1485729.88,-784169.8799999999,2025-06-30,12,Jun
FY25,Administrative Systems,Application Services,a/o 6/30/25,Training/Memberships,Training & Travel,7494,7494,5151.39,2342.6099999999997,2025-06-30,12,Jun
FY25,Administrative Systems,Application Services,a/o 6/30/25,Supplies,Supplies & Printing,14426,14426,157.72,14268.28,2025-06-30,12,Jun
FY25,Administrative Systems,Application Services,a/o 6/30/25,Hardware/Software/RamTech,Software & Maintenance,4810,4810,5438.53,-628.5299999999997,2025-06-30,12,Jun
FY25,Application Services,Application Services,a/o 6/30/25,Faculty Salaries,Salaries,0,0,1456988.65,-1456988.65,2025-06-30,12,Jun
FY25,Application Services,Application Services,a/o 6/30/25,Hourly Wages,Salaries,18794,18794,7995,10799,2025-06-30,12,Jun
FY25,Application Services,Application Services,a/o 6/30/25,Bonus,Bonus/OT/VSDP,0,0,22305,-22305,2025-06-30,12,Jun
FY25,Application Services,Application Services,a/o 6/30/25,On Call,Bonus/OT/VSDP,9524,9524,1223,8301,2025-06-30,12,Jun
FY25,Application Services,Application Services,a/o 6/30/25,Fringes,Fringes,589813,566095,553221.1,12873.900000000023,2025-06-30,12,Jun
FY25,Application Services,Application Services,a/o 6/30/25,Tele Sppt.,Telecomm & Network,0,0,7524.72,-7524.72,2025-06-30,12,Jun
FY25,Application Services,Application Services,a/o 6/30/25,Supplies/Postage,Supplies & Printing,17960,17960,62.47,17897.53,2025-06-30,12,Jun
FY25,Application Services,Application Services,a/o 6/30/25,Computer Supplies,Supplies & Printing,0,0,1357.87,-1357.87,2025-06-30,12,Jun
FY25,Application Services,Application Services,a/o 6/30/25,Telecomm/Wireless,Telecomm & Network,13090,13090,4167.8,8922.2,2025-06-30,12,Jun
FY25,Application Services,Application Services,a/o 6/30/25,Training/Travel,Training & Travel,21967,21967,2805.6,19161.4,2025-06-30,12,Jun
FY25,Application Services,Application Services,a/o 6/30/25,Lease/Other Op/Print,Bonus/OT/VSDP,10000,10000,1810,8190,2025-06-30,12,Jun
FY25,Application Services,Application Services,a/o 6/30/25,Software Maintenance,Software & Maintenance,253200,253200,485287.48000000004,-232087.48000000004,2025-06-30,12,Jun
FY25,Application Services,Application Services,a/o 6/30/25,Hardware/RamTech,Equipment & Hardware,38020,38020,14281.77,23738.23,2025-06-30,12,Jun
FY25,Application Services,Application Services,a/o 6/30/25,Internal/Recovery,Recoveries & Revenue,0,0,-1543.21,1543.21,2025-06-30,12,Jun
FY25,Central Services,Central Services,a/o 6/30/25,IT Salaries,Salaries,843988,861092,817112.28,43979.71999999997,2025-06-30,12,Jun
FY25,Central Services,Central Services,a/o 6/30/25,On Call/Hourly,Salaries,0,0,5232,-5232,2025-06-30,12,Jun
FY25,Central Services,Central Services,a/o 6/30/25,Bonus,Bonus/OT/VSDP,0,0,16135,-16135,2025-06-30,12,Jun
FY25,Central Services,Central Services,a/o 6/30/25,Fringe,Fringes,300556,287681,316406.38999999996,-28725.389999999956,2025-06-30,12,Jun
FY25,Central Services,Central Services,a/o 6/30/25,Contractual/Other,Bonus/OT/VSDP,0,0,-278608.68,278608.68,2025-06-30,12,Jun
FY25,Central Services,Central Services,a/o 6/30/25,Supplies/Printing,Supplies & Printing,5000,5000,260.08,4739.92,2025-06-30,12,Jun
FY25,Central Services,Central Services,a/o 6/30/25,Telecomm,Telecomm & Network,2000,2000,1440.49,559.51,2025-06-30,12,Jun
FY25,Central Services,Central Services,a/o 6/30/25,Travel/Training,Training & Travel,8000,8000,400,7600,2025-06-30,12,Jun
FY25,Central Services,Central Services,a/o 6/30/25,Software /Maintenance,Software & Maintenance,454154,454154,892219.01,-438065.01,2025-06-30,12,Jun
FY25,Media Support Services,Academic Technology,a/o 6/30/25,IT/Univ. Salaries,Salaries,643468,771645,607822.7,163822.30000000005,2025-06-30,12,Jun
FY25,Media Support Services,Academic Technology,a/o 6/30/25,OT/Bonuses,Bonus/OT/VSDP,1750,1750,9494,-7744,2025-06-30,12,Jun
FY25,Media Support Services,Academic Technology,a/o 6/30/25,VSDP,Bonus/OT/VSDP,0,0,11799.7,-11799.7,2025-06-30,12,Jun
FY25,Media Support Services,Academic Technology,a/o 6/30/25,Fringes,Fringes,223517,215063,238145.62,-23082.619999999995,2025-06-30,12,Jun
FY25,Media Support Services,Academic Technology,a/o 6/30/25,Contractual/Maint./Software,Software & Maintenance,0,0,1803.03,-1803.03,2025-06-30,12,Jun
FY25,Media Support Services,Academic Technology,a/o 6/30/25,Supplies/Shipping,Supplies & Printing,2800,2800,1229.11,1570.89,2025-06-30,12,Jun
FY25,Media Support Services,Academic Technology,a/o 6/30/25,Fuel/Printing,Supplies & Printing,0,0,101.38,-101.38,2025-06-30,12,Jun
FY25,Media Support Services,Academic Technology,a/o 6/30/25,Office Furniture,Other,0,0,3785.4,-3785.4,2025-06-30,12,Jun
FY25,Media Support Services,Academic Technology,a/o 6/30/25,Telecomm/Wireless,Telecomm & Network,2520,2520,3967.18,-1447.1799999999998,2025-06-30,12,Jun
FY25,Media Support Services,Academic Technology,a/o 6/30/25,Services/Leases,Other,0,0,1922.23,-1922.23,2025-06-30,12,Jun
FY25,Media Support Services,Academic Technology,a/o 6/30/25,Training/Travel,Training & Travel,4025,4025,2316.7700000000004,1708.2299999999996,2025-06-30,12,Jun
FY25,Media Support Services,Academic Technology,a/o 6/30/25,University/Parking/Electrical,Other,0,0,2156.1,-2156.1,2025-06-30,12,Jun
FY25,Media Support Services,Academic Technology,a/o 6/30/25,Equipment/Repair,Equipment & Hardware,5600,5600,14779.75,-9179.75,2025-06-30,12,Jun
FY25,Media Support Services,Academic Technology,a/o 6/30/25,Recoveries/Project Mgt Fees,Recoveries & Revenue,-169000,-169000,-60713.23,-108286.76999999999,2025-06-30,12,Jun
FY25,Academic Technologies,Academic Technology,a/o 6/30/25,Salaries,Salaries,236557,244145,342968.88,-98823.88,2025-06-30,12,Jun
FY25,Academic Technologies,Academic Technology,a/o 6/30/25,Bonuses/On Call/OT,Bonus/OT/VSDP,1167,1167,7994,-6827,2025-06-30,12,Jun
FY25,Academic Technologies,Academic Technology,a/o 6/30/25,Hourly/Student Wages,Salaries,0,9114,36345.03,-27231.03,2025-06-30,12,Jun
FY25,Academic Technologies,Academic Technology,a/o 6/30/25,Fringe Part-time,Fringes,0,0,2401.13,-2401.13,2025-06-30,12,Jun
FY25,Academic Technologies,Academic Technology,a/o 6/30/25,Fringes,Fringes,75780,70915,132839.34,-61924.34,2025-06-30,12,Jun
FY25,Academic Technologies,Academic Technology,a/o 6/30/25,Equipment lease/Printing,Supplies & Printing,0,0,429.72999999999996,-429.72999999999996,2025-06-30,12,Jun
FY25,Academic Technologies,Academic Technology,a/o 6/30/25,Internal charge/Recovery,Recoveries & Revenue,0,0,-279826.75,279826.75,2025-06-30,12,Jun
FY25,Academic Technologies,Academic Technology,a/o 6/30/25,Clothing/Supplies/Postage,Supplies & Printing,1867,1867,3687.71,-1820.71,2025-06-30,12,Jun
FY25,Academic Technologies,Academic Technology,a/o 6/30/25,University/FMD,Other,0,0,1027.22,-1027.22,2025-06-30,12,Jun
FY25,Academic Technologies,Academic Technology,a/o 6/30/25,Telecomm/Wireless,Telecomm & Network,1880,1880,1437.6,442.4000000000001,2025-06-30,12,Jun
FY25,Academic Technologies,Academic Technology,a/o 6/30/25,Hardware/Software/Maint,Software & Maintenance,3733,3733,14248.95,-10515.95,2025-06-30,12,Jun
FY25,Media Support Services,Academic Technology,a/o 6/30/25,Salaries,Salaries,280058,319878,450549.85,-130671.84999999998,2025-06-30,12,Jun
FY25,Media Support Services,Academic Technology,a/o 6/30/25,Bonuses/OT/VSDP,Bonus/OT/VSDP,2917,2917,6988,-4071,2025-06-30,12,Jun
FY25,Media Support Services,Academic Technology,a/o 6/30/25,Student/Hourly Wages,Salaries,110000,110000,86999.39,23000.61,2025-06-30,12,Jun
FY25,Media Support Services,Academic Technology,a/o 6/30/25,Hourly Fringe,Salaries,9982,9982,2601.71,7380.29,2025-06-30,12,Jun
FY25,Media Support Services,Academic Technology,a/o 6/30/25,Fringes,Fringes,148952,142488,170562.31,-28074.309999999998,2025-06-30,12,Jun
FY25,Media Support Services,Academic Technology,a/o 6/30/25,Contractual/Express Serv,Contractual & Services,0,0,1154.12,-1154.12,2025-06-30,12,Jun
FY25,Media Support Services,Academic Technology,a/o 6/30/25,Technical/Printing,Supplies & Printing,0,0,19.39,-19.39,2025-06-30,12,Jun
FY25,Media Support Services,Academic Technology,a/o 6/30/25,Clothing/Supplies/Postage,Supplies & Printing,4667,4667,1374.2599999999998,3292.7400000000002,2025-06-30,12,Jun
FY25,Media Support Services,Academic Technology,a/o 6/30/25,Training/Travel,Training & Travel,6708,6708,5055,1653,2025-06-30,12,Jun
FY25,Media Support Services,Academic Technology,a/o 6/30/25,Univ/FMD/Fuel/Install,Other,0,0,764.67,-764.67,2025-06-30,12,Jun
FY25,Media Support Services,Academic Technology,a/o 6/30/25,Telecomm/Wireless,Telecomm & Network,4760,4760,5354.71,-594.71,2025-06-30,12,Jun
FY25,Media Support Services,Academic Technology,a/o 6/30/25,Hardware/Software,Software & Maintenance,9333,9333,2447.92,6885.08,2025-06-30,12,Jun
FY25,Media Support Services,Academic Technology,a/o 6/30/25,Audio Equipment /Lease,Equipment & Hardware,0,0,9173.26,-9173.26,2025-06-30,12,Jun
FY25,Media Support Services,Academic Technology,a/o 6/30/25,Recoveries/ Internal,Recoveries & Revenue,-30000,-30000,-104122.5,74122.5,2025-06-30,12,Jun
FY25,Academic Technologies,Academic Technology,a/o 6/30/25,IT Salaries,Salaries,169960,173445,168706.08000000002,4738.919999999984,2025-06-30,12,Jun
FY25,Academic Technologies,Academic Technology,a/o 6/30/25,On Call/Bonuses,Bonus/OT/VSDP,0,0,3523,-3523,2025-06-30,12,Jun
FY25,Academic Technologies,Academic Technology,a/o 6/30/25,Fringe,Fringes,56822,54143,65436.44,-11293.440000000002,2025-06-30,12,Jun
FY25,Academic Technologies,Academic Technology,a/o 6/30/25,Contractual/Printing,Supplies & Printing,6954,6954,470,6484,2025-06-30,12,Jun
FY25,Academic Technologies,Academic Technology,a/o 6/30/25,Telecomm,Telecomm & Network,0,0,1307.25,-1307.25,2025-06-30,12,Jun
FY25,Academic Technologies,Academic Technology,a/o 6/30/25,IT/Univ. Salaries,Salaries,517985,527309,558693.9,-31384.900000000023,2025-06-30,12,Jun
FY25,Academic Technologies,Academic Technology,a/o 6/30/25,Bonuses/VSDP,Bonus/OT/VSDP,1250,1250,7502,-6252,2025-06-30,12,Jun
FY25,Academic Technologies,Academic Technology,a/o 6/30/25,OnCall/OT,Bonus/OT/VSDP,3333,3333,800,2533,2025-06-30,12,Jun
FY25,Academic Technologies,Academic Technology,a/o 6/30/25,Fringe,Fringes,174916,166181,210751.09,-44570.09,2025-06-30,12,Jun
FY25,Academic Technologies,Academic Technology,a/o 6/30/25,Recoveries,Recoveries & Revenue,0,0,-81911.09,81911.09,2025-06-30,12,Jun
FY25,Academic Technologies,Academic Technology,a/o 6/30/25,Supplies/Printing,Supplies & Printing,2000,2000,1.13,1998.87,2025-06-30,12,Jun
FY25,Academic Technologies,Academic Technology,a/o 6/30/25,Telecomm,Telecomm & Network,2280,2280,1707.75,572.25,2025-06-30,12,Jun
FY25,Academic Technologies,Academic Technology,a/o 6/30/25,Travel/Training,Training & Travel,2875,2875,2343,-1468,2025-06-30,12,Jun
FY25,Academic Technologies,Academic Technology,a/o 6/30/25,Software Maintenance,Software & Maintenance,732942,732942,444313.85,288628.15,2025-06-30,12,Jun
FY25,Academic Technologies,Academic Technology,a/o 6/30/25,Hardware/RamTech,Equipment & Hardware,4000,4000,3145.12,854.8800000000001,2025-06-30,12,Jun
FY25,Media Support Services,Academic Technology,a/o 6/30/25,Salaries,Salaries,161706,166098,207629.87,-41531.869999999995,2025-06-30,12,Jun
FY25,Media Support Services,Academic Technology,a/o 6/30/25,Bonuses/On Call/VSDP,Bonus/OT/VSDP,750,750,3180,-2430,2025-06-30,12,Jun
FY25,Media Support Services,Academic Technology,a/o 6/30/25,Fringes,Fringes,76975,73733,79724.14,-5991.139999999999,2025-06-30,12,Jun
FY25,Media Support Services,Academic Technology,a/o 6/30/25,Other,Other,0,0,0.25,-0.25,2025-06-30,12,Jun
FY25,Media Support Services,Academic Technology,a/o 6/30/25,Clothing/Supplies/Postage,Supplies & Printing,1200,1200,1226.97,-26.970000000000027,2025-06-30,12,Jun
FY25,Media Support Services,Academic Technology,a/o 6/30/25,University/FMD/Data/Fuel,Other,0,0,68,-68,2025-06-30,12,Jun
FY25,Media Support Services,Academic Technology,a/o 6/30/25,Telecomm/Wireless,Telecomm & Network,1080,1080,1138.2,-58.200000000000045,2025-06-30,12,Jun
FY25,Media Support Services,Academic Technology,a/o 6/30/25,Hardware/Software,Software & Maintenance,2400,2400,87262.43,-84862.43,2025-06-30,12,Jun
FY25,Media Support Services,Academic Technology,a/o 6/30/25,Audio Visual Equipment,Equipment & Hardware,0,0,746.9300000000001,-746.9300000000001,2025-06-30,12,Jun
FY25,Media Support Services,Academic Technology,a/o 6/30/25,Recoveries/Internal Serv. Charge,Recoveries & Revenue,-35000,-35000,-42975,7975,2025-06-30,12,Jun
FY25,Information Security,Information Security,a/o 6/30/25,IT/Univ. Salaries,Salaries,706184,723509,833376.48,-109867.47999999998,2025-06-30,12,Jun
FY25,Information Security,Information Security,a/o 6/30/25,Student/Hourly Wages,Salaries,28000,28000,40031.67,-12031.669999999998,2025-06-30,12,Jun
FY25,Information Security,Information Security,a/o 6/30/25,Bonus,Bonus/OT/VSDP,0,0,18044,-18044,2025-06-30,12,Jun
FY25,Information Security,Information Security,a/o 6/30/25,Fringes,Fringes,226951,213748,323202.53,-109454.53000000003,2025-06-30,12,Jun
FY25,Information Security,Information Security,a/o 6/30/25,Technical/Contractual Services,Contractual & Services,56855,56855,2258,54597,2025-06-30,12,Jun
FY25,Information Security,Information Security,a/o 6/30/25,Supplies/Printing/Postage,Supplies & Printing,10000,10000,9109.690000000002,890.3099999999977,2025-06-30,12,Jun
FY25,Information Security,Information Security,a/o 6/30/25,Telecomm/Wireless,Telecomm & Network,1520,1520,2546.41,-1026.4099999999999,2025-06-30,12,Jun
FY25,Information Security,Information Security,a/o 6/30/25,Tech & Computer Consulting,Equipment & Hardware,170000,170000,45305,124695,2025-06-30,12,Jun
FY25,Information Security,Information Security,a/o 6/30/25,Training/Travel/Memberships,Training & Travel,8625,8625,18156.18,-9531.18,2025-06-30,12,Jun
FY25,Information Security,Information Security,a/o 6/30/25,Internal Service Charge,Recoveries & Revenue,0,0,-332468.60000000003,332468.60000000003,2025-06-30,12,Jun
FY25,Information Security,Information Security,a/o 6/30/25,Maintenance,Software & Maintenance,79729,79729,558492.38,-478763.38,2025-06-30,12,Jun
FY25,Information Security,Information Security,a/o 6/30/25,IT/Univ. Salaries,Salaries,468726,482421,613902.12,-131481.12,2025-06-30,12,Jun
FY25,Information Security,Information Security,a/o 6/30/25,On Call,Bonus/OT/VSDP,0,0,11917,-11917,2025-06-30,12,Jun
FY25,Information Security,Information Security,a/o 6/30/25,Hourly,Salaries,0,0,17751.82,-17751.82,2025-06-30,12,Jun
FY25,Information Security,Information Security,a/o 6/30/25,Hourly Fringe,Salaries,0,0,1363.88,-1363.88,2025-06-30,12,Jun
FY25,Information Security,Information Security,a/o 6/30/25,Fringes,Fringes,155074,145894,237429.24000000002,-91535.24000000002,2025-06-30,12,Jun
FY25,Information Security,Information Security,a/o 6/30/25,Training/Travel,Training & Travel,2875,2875,2575.8,299.1999999999998,2025-06-30,12,Jun
FY25,Information Security,Information Security,a/o 6/30/25,Telecomm/Wireless,Telecomm & Network,-360,-360,725.11,-1085.1100000000001,2025-06-30,12,Jun
FY25,Information Security,Information Security,a/o 6/30/25,IT/Univ. Salaries,Salaries,397084,402681,271639.92,131041.08000000002,2025-06-30,12,Jun
FY25,Information Security,Information Security,a/o 6/30/25,Bonus,Bonus/OT/VSDP,0,0,4053,-4053,2025-06-30,12,Jun
FY25,Information Security,Information Security,a/o 6/30/25,Fringes,Fringes,134752,130463,104490.41,25972.589999999997,2025-06-30,12,Jun
FY25,Information Security,Information Security,a/o 6/30/25,Printing,Supplies & Printing,0,0,0.32,-0.32,2025-06-30,12,Jun
FY25,Information Security,Information Security,a/o 6/30/25,Telecomm,Telecomm & Network,1340,1340,1617.6,-277.5999999999999,2025-06-30,12,Jun
FY25,Information Security,Information Security,a/o 6/30/25,Internal charge,Recoveries & Revenue,0,0,-12780,12780,2025-06-30,12,Jun
FY25,Information Security,Information Security,a/o 6/30/25,Software/Maintenance,Software & Maintenance,152682,152682,148930.97,3751.029999999999,2025-06-30,12,Jun
FY25,Information Security,Information Security,a/o 6/30/25,Computer less than $2K,Equipment & Hardware,1600,1600,2394,-794,2025-06-30,12,Jun
FY25,Technology Support Services,Technical Support Services,a/o 6/30/25,Contractual Services,Contractual & Services,113800,184324,45,184279,2025-06-30,12,Jun
FY25,Technology Support Services,Technical Support Services,a/o 6/30/25,Technical Services,Contractual & Services,0,0,3605,-3605,2025-06-30,12,Jun
FY25,Technology Support Services,Technical Support Services,a/o 6/30/25,Services,Other,0,0,27820.24,-27820.24,2025-06-30,12,Jun
FY25,Technology Support Services,Technical Support Services,a/o 6/30/25,Maintenance,Software & Maintenance,0,0,184749.93,-184749.93,2025-06-30,12,Jun
FY25,Technology Support Services,Technical Support Services,a/o 6/30/25,Supplies,Supplies & Printing,0,0,1935,-1935,2025-06-30,12,Jun
FY25,Technology Support Services,Technical Support Services,a/o 6/30/25,InfoTech/Univ Salaries/VSDP,Salaries,740774,762210,1040026.5800000001,-277816.5800000001,2025-06-30,12,Jun
FY25,Technology Support Services,Technical Support Services,a/o 6/30/25,Bonuses,Bonus/OT/VSDP,3000,3000,27222.11,-24222.11,2025-06-30,12,Jun
FY25,Technology Support Services,Technical Support Services,a/o 6/30/25,OT,Other,0,0,6821.07,-6821.07,2025-06-30,12,Jun
FY25,Technology Support Services,Technical Support Services,a/o 6/30/25,On Call,Bonus/OT/VSDP,0,0,1142.58,-1142.58,2025-06-30,12,Jun
FY25,Technology Support Services,Technical Support Services,a/o 6/30/25,Student/Hourly Wages,Salaries,46000,46000,109603.77,-63603.770000000004,2025-06-30,12,Jun
FY25,Technology Support Services,Technical Support Services,a/o 6/30/25,Fringe Part time,Fringes,3773,3773,210.51,3562.49,2025-06-30,12,Jun
FY25,Technology Support Services,Technical Support Services,a/o 6/30/25,Fringes,Fringes,210548,194026,397339.17,-203313.16999999998,2025-06-30,12,Jun
FY25,Technology Support Services,Technical Support Services,a/o 6/30/25,Recoveries/SLA's,Recoveries & Revenue,-30000,-30000,-444273.57,414273.57,2025-06-30,12,Jun
FY25,Technology Support Services,Technical Support Services,a/o 6/30/25,Technical/Printing,Supplies & Printing,0,0,24.19,-24.19,2025-06-30,12,Jun
FY25,Technology Support Services,Technical Support Services,a/o 6/30/25,Clothing/Supplies/Postage,Supplies & Printing,4400,4400,8306.47,-3906.4699999999993,2025-06-30,12,Jun
FY25,Technology Support Services,Technical Support Services,a/o 6/30/25,Training/Travel,Training & Travel,6325,6325,209,6116,2025-06-30,12,Jun
FY25,Technology Support Services,Technical Support Services,a/o 6/30/25,University/FMD/Parking,Other,0,0,2705.06,-2705.06,2025-06-30,12,Jun
FY25,Technology Support Services,Technical Support Services,a/o 6/30/25,Telecomm/Wireless,Telecomm & Network,3600,3600,5307.49,-1707.4899999999998,2025-06-30,12,Jun
FY25,Technology Support Services,Technical Support Services,a/o 6/30/25,Software/Maintenance,Software & Maintenance,0,0,88.44,-88.44,2025-06-30,12,Jun
FY25,Technology Support Services,Technical Support Services,a/o 6/30/25,Equipment /RAMTECH,Equipment & Hardware,8800,8800,23019.5,-14219.5,2025-06-30,12,Jun
FY25,Technology Support Services,Technical Support Services,a/o 6/30/25,Hourly Wages,Salaries,0,0,19697.67,-19697.67,2025-06-30,12,Jun
FY25,Technology Support Services,Technical Support Services,a/o 6/30/25,Hourly Fringe,Salaries,0,0,20.82,-20.82,2025-06-30,12,Jun
FY25,Technology Support Services,Technical Support Services,a/o 6/30/25,University Salary/VSDP/OT,Salaries,25511,27936,117068.10999999999,-89132.10999999999,2025-06-30,12,Jun
FY25,Technology Support Services,Technical Support Services,a/o 6/30/25,Fringe,Fringes,3282,1509,45569.2,-44060.2,2025-06-30,12,Jun
FY25,Technology Support Services,Technical Support Services,a/o 6/30/25,Bonus,Bonus/OT/VSDP,0,0,3256,-3256,2025-06-30,12,Jun
FY25,Technology Support Services,Technical Support Services,a/o 6/30/25,Supplies/Employee Clothing,Supplies & Printing,0,114722,31634.16,83087.84,2025-06-30,12,Jun
FY25,Technology Support Services,Technical Support Services,a/o 6/30/25,Other,Other,0,0,8326,-8326,2025-06-30,12,Jun
FY25,Technology Support Services,Technical Support Services,a/o 6/30/25,Bank Charges,Other,0,0,350.46,-350.46,2025-06-30,12,Jun
FY25,Technology Support Services,Technical Support Services,a/o 6/30/25,Revenue,Recoveries & Revenue,0,0,-96305.13,96305.13,2025-06-30,12,Jun
FY25,Technology Support Services,Technical Support Services,a/o 6/30/25,Internal Service Charge,Recoveries & Revenue,0,0,-3926.85,3926.85,2025-06-30,12,Jun
FY25,Technology Support Services,Technical Support Services,a/o 6/30/25,Telecomm/Wireless,Telecomm & Network,0,0,15,-15,2025-06-30,12,Jun
FY25,Technology Support Services,Technical Support Services,a/o 6/30/25,Shipping,Supplies & Printing,0,0,18.2,-18.2,2025-06-30,12,Jun
FY25,Technology Support Services,Technical Support Services,a/o 6/30/25,Salaries,Salaries,553498,561225,516000.77999999997,45224.22000000003,2025-06-30,12,Jun
FY25,Technology Support Services,Technical Support Services,a/o 6/30/25,OT,Other,0,0,759.55,-759.55,2025-06-30,12,Jun
FY25,Technology Support Services,Technical Support Services,a/o 6/30/25,On Call,Bonus/OT/VSDP,0,0,665,-665,2025-06-30,12,Jun
FY25,Technology Support Services,Technical Support Services,a/o 6/30/25,Bonuses,Bonus/OT/VSDP,4333,4333,7595,-3262,2025-06-30,12,Jun
FY25,Technology Support Services,Technical Support Services,a/o 6/30/25,Student/Hourly Wages,Salaries,80417,80417,331714.64,-251297.64,2025-06-30,12,Jun
FY25,Technology Support Services,Technical Support Services,a/o 6/30/25,Fringe PT,Fringes,6645,6645,18094.59,-11449.59,2025-06-30,12,Jun
FY25,Technology Support Services,Technical Support Services,a/o 6/30/25,Fringes,Fringes,195344,187062,192724.87,-5662.869999999995,2025-06-30,12,Jun
FY25,Technology Support Services,Technical Support Services,a/o 6/30/25,OnePrint SLA/Printing,Supplies & Printing,0,0,3505.73,-3505.73,2025-06-30,12,Jun
FY25,Technology Support Services,Technical Support Services,a/o 6/30/25,Clothing/Supplies/Postage,Supplies & Printing,10600,10600,8432.18,2167.8199999999997,2025-06-30,12,Jun
FY25,Technology Support Services,Technical Support Services,a/o 6/30/25,Training/Travel,Training & Travel,9966,9966,6574.78,3391.2200000000003,2025-06-30,12,Jun
FY25,Technology Support Services,Technical Support Services,a/o 6/30/25,University/FMD/Lease,Other,0,0,112,-112,2025-06-30,12,Jun
FY25,Technology Support Services,Technical Support Services,a/o 6/30/25,Telecomm/Wireless,Telecomm & Network,44120,44120,48367.149999999994,-4247.149999999994,2025-06-30,12,Jun
FY25,Technology Support Services,Technical Support Services,a/o 6/30/25,Software,Software & Maintenance,0,0,10017.08,-10017.08,2025-06-30,12,Jun
FY25,Technology Support Services,Technical Support Services,a/o 6/30/25,Hardware/RamTech,Equipment & Hardware,13867,13867,20895.82,-7028.82,2025-06-30,12,Jun
FY25,Technology Support Services,Technical Support Services,a/o 6/30/25,Recoveries/VCU Online,Recoveries & Revenue,-40000,-40000,-70700.76,30700.759999999995,2025-06-30,12,Jun
FY25,Campus Card Services,Technical Support Services,a/o 6/30/25,Equipment Maintenance,Software & Maintenance,425837,425837,256241.78,169595.22,2025-06-30,12,Jun
FY25,Campus Card Services,Technical Support Services,a/o 6/30/25,Electrical Maintenance/Service,Software & Maintenance,0,0,6743.25,-6743.25,2025-06-30,12,Jun
FY25,Campus Card Services,Technical Support Services,a/o 6/30/25,Other,Other,0,0,290.16,-290.16,2025-06-30,12,Jun
FY25,Campus Card Services,Technical Support Services,a/o 6/30/25,Equipment Install,Equipment & Hardware,0,0,314922.89,-314922.89,2025-06-30,12,Jun
FY25,Campus Card Services,Technical Support Services,a/o 6/30/25,Recoveries,Recoveries & Revenue,0,0,-19953.64,19953.64,2025-06-30,12,Jun
FY25,Campus Card Services,Technical Support Services,a/o 6/30/25,Classified Salary/VSDP,Salaries,196572,196572,580192.68,-383620.68000000005,2025-06-30,12,Jun
FY25,Campus Card Services,Technical Support Services,a/o 6/30/25,Classified /Univ OT,Other,8572,8572,14030.4,-5458.4,2025-06-30,12,Jun
FY25,Campus Card Services,Technical Support Services,a/o 6/30/25,On Call,Bonus/OT/VSDP,0,0,1308.4,-1308.4,2025-06-30,12,Jun
FY25,Campus Card Services,Technical Support Services,a/o 6/30/25,Bonus,Bonus/OT/VSDP,0,0,11938.4,-11938.4,2025-06-30,12,Jun
FY25,Campus Card Services,Technical Support Services,a/o 6/30/25,Hourly/Student Wages,Salaries,65000,65000,153403.72,-88403.72,2025-06-30,12,Jun
FY25,Campus Card Services,Technical Support Services,a/o 6/30/25,Fringe PT,Fringes,4055,4055,3694,361,2025-06-30,12,Jun
FY25,Campus Card Services,Technical Support Services,a/o 6/30/25,Fringes,Fringes,154105,145689,217886.24,-72197.23999999999,2025-06-30,12,Jun
FY25,Campus Card Services,Technical Support Services,a/o 6/30/25,Express/Messenger Services,Other,26500,26500,230.14,26269.86,2025-06-30,12,Jun
FY25,Campus Card Services,Technical Support Services,a/o 6/30/25,Contractual - Printing/Advertising,Supplies & Printing,50838,103638,4549.68,99088.32,2025-06-30,12,Jun
FY25,Campus Card Services,Technical Support Services,a/o 6/30/25,Electrical/Hardware Maintenance,Software & Maintenance,168110,168110,3171.24,164938.76,2025-06-30,12,Jun
FY25,Campus Card Services,Technical Support Services,a/o 6/30/25,Software,Software & Maintenance,0,0,-105478.69,105478.69,2025-06-30,12,Jun
FY25,Campus Card Services,Technical Support Services,a/o 6/30/25,Supplies,Supplies & Printing,35600,35600,18890.710000000003,16709.289999999997,2025-06-30,12,Jun
FY25,Campus Card Services,Technical Support Services,a/o 6/30/25,Other,Other,0,0,6395,-6395,2025-06-30,12,Jun
FY25,Campus Card Services,Technical Support Services,a/o 6/30/25,Photographic Supplies,Supplies & Printing,110055,110055,121720.05,-11665.050000000003,2025-06-30,12,Jun
FY25,Campus Card Services,Technical Support Services,a/o 6/30/25,Fuel/Parking,Other,1000,1000,4247.85,-3247.8500000000004,2025-06-30,12,Jun
FY25,Campus Card Services,Technical Support Services,a/o 6/30/25,Freight/Postage/Mail,Supplies & Printing,1000,1000,8255.380000000001,-7255.380000000001,2025-06-30,12,Jun
FY25,Campus Card Services,Technical Support Services,a/o 6/30/25,Telecomm,Telecomm & Network,11800,11800,6659.84,5140.16,2025-06-30,12,Jun
FY25,Campus Card Services,Technical Support Services,a/o 6/30/25,Training/Travel,Training & Travel,4025,4025,7551.29,-3526.29,2025-06-30,12,Jun
FY25,Campus Card Services,Technical Support Services,a/o 6/30/25,FMD/Data Install,Other,5000,5000,1401.78,3598.2200000000003,2025-06-30,12,Jun
FY25,Campus Card Services,Technical Support Services,a/o 6/30/25,Bank Charges,Other,30000,30000,14836.07,15163.93,2025-06-30,12,Jun
FY25,Campus Card Services,Technical Support Services,a/o 6/30/25,Equipment/RamTech,Equipment & Hardware,52846,52846,128972.18999999999,-76126.18999999999,2025-06-30,12,Jun
FY25,Campus Card Services,Technical Support Services,a/o 6/30/25,Recoveries/Internal charge,Recoveries & Revenue,-100036,-100036,-31540.81,-68495.19,2025-06-30,12,Jun
FY25,Campus Card Services,Technical Support Services,a/o 6/30/25,Sales/Services(Revenue),Recoveries & Revenue,-350000,-350000,-453158.55,103158.54999999999,2025-06-30,12,Jun
FY25,Technology Support Services,Technical Support Services,a/o 6/30/25,Classified/IT Salaries,Salaries,189802,193250,167191.91999999998,26058.080000000016,2025-06-30,12,Jun
FY25,Technology Support Services,Technical Support Services,a/o 6/30/25,Hourly/Bonus,Salaries,0,0,5747,-5747,2025-06-30,12,Jun
FY25,Technology Support Services,Technical Support Services,a/o 6/30/25,Hourly Fringe,Salaries,0,0,37.5,-37.5,2025-06-30,12,Jun
FY25,Technology Support Services,Technical Support Services,a/o 6/30/25,Fringes,Fringes,64924,62273,65412.87,-3139.8700000000026,2025-06-30,12,Jun
FY25,Technology Support Services,Technical Support Services,a/o 6/30/25,Technical/ Other,Other,68063,68063,3650,64413,2025-06-30,12,Jun
FY25,Technology Support Services,Technical Support Services,a/o 6/30/25,Software Maintenance,Software & Maintenance,-66793,-66793,20294.13,-87087.13,2025-06-30,12,Jun
FY25,Technology Support Services,Technical Support Services,a/o 6/30/25,Contractual/Printing,Supplies & Printing,8432,8432,11.06,8420.94,2025-06-30,12,Jun
FY25,Technology Support Services,Technical Support Services,a/o 6/30/25,Supplies,Supplies & Printing,6316,6316,1805.57,4510.43,2025-06-30,12,Jun
FY25,Technology Support Services,Technical Support Services,a/o 6/30/25,Fuel/Fleet,Other,0,0,210.68,-210.68,2025-06-30,12,Jun
FY25,Technology Support Services,Technical Support Services,a/o 6/30/25,Telecomm/Wireless,Telecomm & Network,6520,6520,6816.79,-296.78999999999996,2025-06-30,12,Jun
FY25,Technology Support Services,Technical Support Services,a/o 6/30/25,Lease Equipment,Equipment & Hardware,5000,5000,1716.22,3283.7799999999997,2025-06-30,12,Jun
FY25,Technology Support Services,Technical Support Services,a/o 6/30/25,Training/Travel,Training & Travel,1725,1725,5116.84,-3391.84,2025-06-30,12,Jun
FY25,Technology Support Services,Technical Support Services,a/o 6/30/25,Internal charge,Recoveries & Revenue,0,0,590,-590,2025-06-30,12,Jun
FY25,Technology Support Services,Technical Support Services,a/o 6/30/25,Equipment/RAMTECH,Equipment & Hardware,2,2,21741.62,-21739.62,2025-06-30,12,Jun
FY25,Technology Support Services,Technical Support Services,a/o 6/30/25,Classified/IT/Univ. Salaries,Salaries,391062,398774,373953.83999999997,24820.160000000033,2025-06-30,12,Jun
FY25,Technology Support Services,Technical Support Services,a/o 6/30/25,Bonuses,Bonus/OT/VSDP,1000,1000,8753,-7753,2025-06-30,12,Jun
FY25,Technology Support Services,Technical Support Services,a/o 6/30/25,Fringes,Fringes,132854,126927,145107.19,-18180.190000000002,2025-06-30,12,Jun
FY25,Technology Support Services,Technical Support Services,a/o 6/30/25,Contractual,Contractual & Services,0,0,56130,-66338.32,2025-06-30,12,Jun
FY25,Technology Support Services,Technical Support Services,a/o 6/30/25,Technical/Printing,Supplies & Printing,0,0,0.59,-0.59,2025-06-30,12,Jun
FY25,Technology Support Services,Technical Support Services,a/o 6/30/25,Clothing/Supplies/Postage,Supplies & Printing,1200,1200,225,975,2025-06-30,12,Jun
FY25,Technology Support Services,Technical Support Services,a/o 6/30/25,University/FMD/Lease,Other,0,0,-200,200,2025-06-30,12,Jun
FY25,Technology Support Services,Technical Support Services,a/o 6/30/25,Telecomm/Wireless,Telecomm & Network,960,960,899.4,60.60000000000002,2025-06-30,12,Jun
FY25,Technology Support Services,Technical Support Services,a/o 6/30/25,Maintenance,Software & Maintenance,225160,225160,360241.13,-135081.13,2025-06-30,12,Jun
FY25,Technology Support Services,Technical Support Services,a/o 6/30/25,Software,Software & Maintenance,0,0,696,-696,2025-06-30,12,Jun
FY25,Technology Support Services,Technical Support Services,a/o 6/30/25,Equipment/RamTech,Equipment & Hardware,800,800,4069.22,-3269.22,2025-06-30,12,Jun
FY25,Technology Support Services,Technical Support Services,a/o 6/30/25,Salaries,Salaries,78654,80280,79218.96,1061.0399999999936,2025-06-30,12,Jun
FY25,Technology Support Services,Technical Support Services,a/o 6/30/25,Bonus,Bonus/OT/VSDP,333,333,1177,-844,2025-06-30,12,Jun
FY25,Technology Support Services,Technical Support Services,a/o 6/30/25,Fringes,Fringes,26756,25506,30356.539999999997,-4850.539999999997,2025-06-30,12,Jun
FY25,Technology Support Services,Technical Support Services,a/o 6/30/25,Supplies/Postage,Supplies & Printing,3533,3533,248.67,3284.33,2025-06-30,12,Jun
FY25,Technology Support Services,Technical Support Services,a/o 6/30/25,Telecomm,Telecomm & Network,640,640,180,460,2025-06-30,12,Jun
FY25,Technology Support Services,Technical Support Services,a/o 6/30/25,Software/Hardware,Software & Maintenance,3067,3067,445.99,2621.01,2025-06-30,12,Jun
FY25,Campus Card Services,Technical Support Services,a/o 6/30/25,Printing Services,Supplies & Printing,0,15349,-3733.02,19082.02,2025-06-30,12,Jun
FY26,Central Services,Central Services,a/o 6/30/26,Univ. Salaries,Salaries,477356,483081.5,494784.73,-11703.229999999981,2026-06-30,12,Jun
FY26,Central Services,Central Services,a/o 6/30/26,OnCall/Bonus,Bonus/OT/VSDP,0,0,8392,-8392,2026-06-30,12,Jun
FY26,Central Services,Central Services,a/o 6/30/26,VSDP,Bonus/OT/VSDP,0,0,8991.27,-8991.27,2026-06-30,12,Jun
FY26,Central Services,Central Services,a/o 6/30/26,Fringes,Fringes,156921,156921,197775.13999999998,-40854.139999999985,2026-06-30,12,Jun
FY26,Central Services,Central Services,a/o 6/30/26,Other,Other,0,0,1579.11,-1579.11,2026-06-30,12,Jun
FY26,Central Services,Central Services,a/o 6/30/26,Printing/Postage,Supplies & Printing,0,0,47.92,-47.92,2026-06-30,12,Jun
FY26,Central Services,Central Services,a/o 6/30/26,Training/Travel,Training & Travel,3257,3257,2494.32,762.6799999999998,2026-06-30,12,Jun
FY26,Central Services,Central Services,a/o 6/30/26,Supplies,Supplies & Printing,6000,6000,304.16999999999996,5695.83,2026-06-30,12,Jun
FY26,Central Services,Central Services,a/o 6/30/26,Telecomm,Telecomm & Network,2291,2291,1619.77,671.23,2026-06-30,12,Jun
FY26,Central Services,Central Services,a/o 6/30/26,Hardware/Software/RamTech,Software & Maintenance,5061,5061,4027,1034,2026-06-30,12,Jun
FY26,Technology Services,Central Services,a/o 6/30/26,Skilled Services/Internal,Contractual & Services,60629,60629,9828.91,50800.09,2026-06-30,12,Jun
FY26,Technology Services,Central Services,a/o 6/30/26,Travel/Training,Training & Travel,2875,3886,46552.57,-42666.57,2026-06-30,12,Jun
FY26,Technology Services,Central Services,a/o 6/30/26,Supplies,Supplies & Printing,4000,3788.27,1928.36,1859.91,2026-06-30,12,Jun
FY26,Technology Services,Central Services,a/o 6/30/26,Telecomm,Telecomm & Network,0,0,1120.74,-1120.74,2026-06-30,12,Jun
FY26,Technology Services,Central Services,a/o 6/30/26,Computer Software Maintenance,Software & Maintenance,0,0,13867.64,-13867.64,2026-06-30,12,Jun
FY26,Technology Services,Central Services,a/o 6/30/26,Hardware/RamTech,Equipment & Hardware,5920,5920,872.19,5047.8099999999995,2026-06-30,12,Jun
FY26,Technology Services,Central Services,a/o 6/30/26,Bonus,Bonus/OT/VSDP,0,0,1500,-1500,2026-06-30,12,Jun
FY26,Technology Services,Central Services,a/o 6/30/26,IT/ University Salaries,Salaries,439292,440333,428666.21,11666.789999999979,2026-06-30,12,Jun
FY26,Technology Services,Central Services,a/o 6/30/26,Fringes,Fringes,213322,213322,166740.47,46581.53,2026-06-30,12,Jun
FY26,Technology Services,Central Services,a/o 6/30/26,Memberships,Training & Travel,0,0,103500.11,-103500.11,2026-06-30,12,Jun
FY26,Technology Services,Central Services,a/o 6/30/26,Travel/Training,Training & Travel,5244,5244,1200,4044,2026-06-30,12,Jun
FY26,Technology Services,Central Services,a/o 6/30/26,Printing,Supplies & Printing,0,0,23.43,-23.43,2026-06-30,12,Jun
FY26,Technology Services,Central Services,a/o 6/30/26,Postage,Supplies & Printing,0,0,-196553,196553,2026-06-30,12,Jun
FY26,Technology Services,Central Services,a/o 6/30/26,Supplies/Other,Bonus/OT/VSDP,2510,2510,243.46,2266.54,2026-06-30,12,Jun
FY26,Technology Services,Central Services,a/o 6/30/26,Electrical,Other,0,0,7336.51,-7336.51,2026-06-30,12,Jun
FY26,Technology Services,Central Services,a/o 6/30/26,Telecomm/Wireless,Telecomm & Network,1440,1440,372.69,1067.31,2026-06-30,12,Jun
FY26,Technology Services,Central Services,a/o 6/30/26,Software Maintenance,Software & Maintenance,144508,137006.59,702.76,136303.83,2026-06-30,12,Jun
FY26,Technology Services,Central Services,a/o 6/30/26,Other,Other,0,0,52.57,-52.57,2026-06-30,12,Jun
FY26,Technology Services,Central Services,a/o 6/30/26,Supplies,Supplies & Printing,17800,17340,1535.46,15804.54,2026-06-30,12,Jun
FY26,Technology Services,Central Services,a/o 6/30/26,Lease Equipment,Equipment & Hardware,3200,3200,2015.16,1184.84,2026-06-30,12,Jun
FY26,Technology Services,Central Services,a/o 6/30/26,Physical Plant/Repair,Other,1000,1000,1773.58,-773.5799999999999,2026-06-30,12,Jun
FY26,Technology Services,Central Services,a/o 6/30/26,Parking,Other,0,0,30,-30,2026-06-30,12,Jun
FY26,Technology Services,Central Services,a/o 6/30/26,Internal Charge,Recoveries & Revenue,0,0,171.57,-171.57,2026-06-30,12,Jun
FY26,Technology Services,Central Services,a/o 6/30/26,Telecomm/Wireless,Telecomm & Network,4000,4000,3756.75,243.25,2026-06-30,12,Jun
FY26,Technology Services,Central Services,a/o 6/30/26,Hardware Maintenance,Software & Maintenance,131000,131000,9060.53,121939.47,2026-06-30,12,Jun
FY26,Technology Services,Central Services,a/o 6/30/26,Contractual,Contractual & Services,0,0,12000,-12000,2026-06-30,12,Jun
FY26,Technology Services,Central Services,a/o 6/30/26,Network Components under $10K,Telecomm & Network,0,0,1058588.63,-1058588.63,2026-06-30,12,Jun
FY26,Technology Services,Central Services,a/o 6/30/26,Other,Other,0,0,-1014,1014,2026-06-30,12,Jun
FY26,Technology Services,Central Services,a/o 6/30/26,Software Maintenance,Software & Maintenance,2957600,2972479.58,1227947.65,1744531.9300000002,2026-06-30,12,Jun
FY26,Technology Services,Central Services,a/o 6/30/26,Software /Cloud Subscriptions / 637037,Software & Maintenance,0,0,812113.89,-812113.89,2026-06-30,12,Jun
FY26,Technology Services,Central Services,a/o 6/30/26,Internal charge,Recoveries & Revenue,0,0,-1113423.1,1113423.1,2026-06-30,12,Jun
FY26,Technology Services,Central Services,a/o 6/30/26,Contractual Services,Contractual & Services,2349625,3015345,270000,2745345,2026-06-30,12,Jun
FY26,Technology Services,Central Services,a/o 6/30/26,Software Maintenance,Software & Maintenance,0,0,1039362.97,-1039362.97,2026-06-30,12,Jun
FY26,Technology Services,Central Services,a/o 6/30/26,Software/Cloud Subscriptions,Software & Maintenance,0,0,1563151.98,-1563151.98,2026-06-30,12,Jun
FY26,Technology Services,Central Services,a/o 6/30/26,Other,Other,0,0,36000,-36000,2026-06-30,12,Jun
FY26,Technology Services,Central Services,a/o 6/30/26,Internal Charge,Recoveries & Revenue,0,0,50000,-50000,2026-06-30,12,Jun
FY26,Technology Services,Central Services,a/o 6/30/26,Equipment/Software,Software & Maintenance,0,0,258026.89,-258026.89,2026-06-30,12,Jun
FY26,Technology Services,Central Services,a/o 6/30/26,Contractual/ Internal Serv. Charge,Recoveries & Revenue,0,0,-239411.09,239411.09,2026-06-30,12,Jun
FY26,Technology Services,Central Services,a/o 6/30/26,Hourly Wages,Salaries,0,0,58693,-58693,2026-06-30,12,Jun
FY26,Technology Services,Central Services,a/o 6/30/26,Hourly Fringe,Salaries,0,0,105.92,-105.92,2026-06-30,12,Jun
FY26,Technology Services,Central Services,a/o 6/30/26,IT/Univ Salary,Salaries,176903,181067,470841.95,-289774.95,2026-06-30,12,Jun
FY26,Technology Services,Central Services,a/o 6/30/26,Fringe,Fringes,54071,54071,184674.54,-130603.54000000001,2026-06-30,12,Jun
FY26,Technology Services,Central Services,a/o 6/30/26,Bonus,Bonus/OT/VSDP,0,0,6250,-6250,2026-06-30,12,Jun
FY26,Technology Services,Central Services,a/o 6/30/26,Telephone/Network costs,Telecomm & Network,-360,-360,-346418,346058,2026-06-30,12,Jun
FY26,Technology Services,Central Services,a/o 6/30/26,Supplies/Printing/Other,Bonus/OT/VSDP,1200,1200,5635.1900000000005,-4435.1900000000005,2026-06-30,12,Jun
FY26,Technology Services,Central Services,a/o 6/30/26,Travel,Training & Travel,1725,1725,2613.8,-888.8000000000002,2026-06-30,12,Jun
FY26,Technology Services,Central Services,a/o 6/30/26,Tele Centrex,Telecomm & Network,1440,1440,899.4,540.6,2026-06-30,12,Jun
FY26,Technology Services,Central Services,a/o 6/30/26,Other Equipement $10K and above,Other,2000,2000,3714,-1714,2026-06-30,12,Jun
FY26,Network Services,Network & Infrastructure,a/o 6/30/26,Supplies,Supplies & Printing,185000,183150,1128.86,182021.14,2026-06-30,12,Jun
FY26,Network Services,Network & Infrastructure,a/o 6/30/26,Office Supplies/Other,Bonus/OT/VSDP,0,0,523.82,-29723.82,2026-06-30,12,Jun
FY26,Network Services,Network & Infrastructure,a/o 6/30/26,Network and Data Supplies,Supplies & Printing,0,0,110803.82,-110803.82,2026-06-30,12,Jun
FY26,Network Services,Network & Infrastructure,a/o 6/30/26,Computer Operating Supplies,Supplies & Printing,0,0,32.99,-32.99,2026-06-30,12,Jun
FY26,Network Services,Network & Infrastructure,a/o 6/30/26,Software/Cloud Subscriptions,Software & Maintenance,0,0,28629.809999999998,-28629.809999999998,2026-06-30,12,Jun
FY26,Network Services,Network & Infrastructure,a/o 6/30/26,Desktop Computer under $10K,Equipment & Hardware,0,0,2477.12,-2477.12,2026-06-30,12,Jun
FY26,Network Services,Network & Infrastructure,a/o 6/30/26,IT Salaries/Univ Salaries,Salaries,2362678,2359123.49,2222233.87,136889.6200000001,2026-06-30,12,Jun
FY26,Network Services,Network & Infrastructure,a/o 6/30/26,Classified On Call,Bonus/OT/VSDP,5238,5238,1392,3846,2026-06-30,12,Jun
FY26,Network Services,Network & Infrastructure,a/o 6/30/26,Classified Overtime/VSDP,Bonus/OT/VSDP,476,476,8019.96,-7543.96,2026-06-30,12,Jun
FY26,Network Services,Network & Infrastructure,a/o 6/30/26,Bonus,Bonus/OT/VSDP,4000,4000,33850,-29850,2026-06-30,12,Jun
FY26,Network Services,Network & Infrastructure,a/o 6/30/26,Fringes,Fringes,811684,811684,865421.42,-53737.42000000004,2026-06-30,12,Jun
FY26,Network Services,Network & Infrastructure,a/o 6/30/26,Training/Travel,Training & Travel,13625,13625,7478.44,6146.56,2026-06-30,12,Jun
FY26,Network Services,Network & Infrastructure,a/o 6/30/26,Supplies,Supplies & Printing,9357,9357,117,9240,2026-06-30,12,Jun
FY26,Network Services,Network & Infrastructure,a/o 6/30/26,Fuel/Postage,Supplies & Printing,0,0,517.33,-517.33,2026-06-30,12,Jun
FY26,Network Services,Network & Infrastructure,a/o 6/30/26,University/FMD/Other,Bonus/OT/VSDP,6000,6000,300.75,5699.25,2026-06-30,12,Jun
FY26,Network Services,Network & Infrastructure,a/o 6/30/26,Fleet Mgt/Parking,Other,7370,7370,6927.66,442.34000000000015,2026-06-30,12,Jun
FY26,Network Services,Network & Infrastructure,a/o 6/30/26,Telecomm/Wireless,Telecomm & Network,23052,23052,6343.639999999999,16708.36,2026-06-30,12,Jun
FY26,Network Services,Network & Infrastructure,a/o 6/30/26,Printing,Supplies & Printing,0,0,151.94,-151.94,2026-06-30,12,Jun
FY26,Network Services,Network & Infrastructure,a/o 6/30/26,Operating Lease Equipment/Lease Bldg.,Equipment & Hardware,1500,1500,8144.83,-6644.83,2026-06-30,12,Jun
FY26,Network Services,Network & Infrastructure,a/o 6/30/26,Lease/Equipment,Equipment & Hardware,0,0,19383.26,-19383.26,2026-06-30,12,Jun
FY26,Network Services,Network & Infrastructure,a/o 6/30/26,Software/Cloud Subscriptions,Software & Maintenance,0,0,918.25,-918.25,2026-06-30,12,Jun
FY26,Network Services,Network & Infrastructure,a/o 6/30/26,Recoveries from Housing,Recoveries & Revenue,0,0,-75726,75726,2026-06-30,12,Jun
FY26,Network Services,Network & Infrastructure,a/o 6/30/26,Recoveries/Labor/Data Install,Recoveries & Revenue,-50000,-50000,-19125,-30875,2026-06-30,12,Jun
FY26,Network Services,Network & Infrastructure,a/o 6/30/26,Recoveries/Internal,Recoveries & Revenue,-350000,-350000,-192319.93,-157680.07,2026-06-30,12,Jun
FY26,Network Services,Network & Infrastructure,a/o 6/30/26,Network/Data Supplies,Supplies & Printing,1000000,1000000,965055.94,34944.060000000056,2026-06-30,12,Jun
FY26,Network Services,Network & Infrastructure,a/o 6/30/26,Data Installation,Other,0,0,-1195551.21,1195551.21,2026-06-30,12,Jun
FY26,Network Services,Network & Infrastructure,a/o 6/30/26,Network Components $10K and above,Telecomm & Network,190000,190000,51527.45,138472.55,2026-06-30,12,Jun
FY26,Network Services,Network & Infrastructure,a/o 6/30/26,Computing Equipment under $10K,Equipment & Hardware,30000,30000,32796.96,-2796.959999999999,2026-06-30,12,Jun
FY26,Network Services,Network & Infrastructure,a/o 6/30/26,Software/Cloud Subscriptions,Software & Maintenance,0,0,859.39,-859.39,2026-06-30,12,Jun
FY26,Network Services,Network & Infrastructure,a/o 6/30/26,Other Sales Serv/Revenue,Recoveries & Revenue,-5000,-5000,-5233.74,233.73999999999978,2026-06-30,12,Jun
FY26,Network Services,Network & Infrastructure,a/o 6/30/26,Other,Other,0,0,-9390.33,9390.33,2026-06-30,12,Jun
FY26,Network Services,Network & Infrastructure,a/o 6/30/26,Telephone and Network Costs,Telecomm & Network,100000,100000,138301.79,-38301.79000000001,2026-06-30,12,Jun
FY26,Network Services,Network & Infrastructure,a/o 6/30/26,Va Tech/Electrical,Other,0,0,6971.25,-6971.25,2026-06-30,12,Jun
FY26,Network Services,Network & Infrastructure,a/o 6/30/26,Tele Circuits,Telecomm & Network,0,0,4548.12,-4548.12,2026-06-30,12,Jun
FY26,Network Services,Network & Infrastructure,a/o 6/30/26,Tele Verizon,Telecomm & Network,136066,136066,213727.59,-77661.59,2026-06-30,12,Jun
FY26,Network Services,Network & Infrastructure,a/o 6/30/26,Skilled Services,Contractual & Services,200000,196195.34,226603.97,-30408.630000000005,2026-06-30,12,Jun
FY26,Network Services,Network & Infrastructure,a/o 6/30/26,Software Cloud Subscriptions,Software & Maintenance,0,0,27816.13,-27816.13,2026-06-30,12,Jun
FY26,Network Services,Network & Infrastructure,a/o 6/30/26,Housing Bandwidth,Other,0,0,-93331,93331,2026-06-30,12,Jun
FY26,Network Services,Network & Infrastructure,a/o 6/30/26,Internal Serv. Charge,Recoveries & Revenue,0,0,-252968.40000000002,252968.40000000002,2026-06-30,12,Jun
FY26,Network Services,Network & Infrastructure,a/o 6/30/26,Contractual Services,Contractual & Services,-55600,-55600,46414,-102014,2026-06-30,12,Jun
FY26,Network Services,Network & Infrastructure,a/o 6/30/26,Supplies,Supplies & Printing,328847,325558.53,9467.34,316091.19,2026-06-30,12,Jun
FY26,Network Services,Network & Infrastructure,a/o 6/30/26,Software/Cloud Subscriptions / 637037,Software & Maintenance,0,0,472863.75,-472863.75,2026-06-30,12,Jun
FY26,Network Services,Network & Infrastructure,a/o 6/30/26,Network Components $10K and above,Telecomm & Network,0,0,-275000,275000,2026-06-30,12,Jun
FY26,Network Services,Network & Infrastructure,a/o 6/30/26,Network $10K under/Data Supplies,Supplies & Printing,0,0,66552.5,-66552.5,2026-06-30,12,Jun
FY26,Network Services,Network & Infrastructure,a/o 6/30/26,Technical and Computer Consulting,Equipment & Hardware,0,0,486408,-486408,2026-06-30,12,Jun
FY26,Network Services,Network & Infrastructure,a/o 6/30/26,Data Installation,Other,0,0,124130,-124130,2026-06-30,12,Jun
FY26,Network Services,Network & Infrastructure,a/o 6/30/26,Info Tech Salaries,Salaries,1939693,1955308,1752404.46,202903.54000000004,2026-06-30,12,Jun
FY26,Network Services,Network & Infrastructure,a/o 6/30/26,University Staff Salaries,Salaries,233451,233451,44211.31,189239.69,2026-06-30,12,Jun
FY26,Network Services,Network & Infrastructure,a/o 6/30/26,On Call,Bonus/OT/VSDP,8095,8095,560,7535,2026-06-30,12,Jun
FY26,Network Services,Network & Infrastructure,a/o 6/30/26,Bonuses,Bonus/OT/VSDP,19000,19000,24500,-5500,2026-06-30,12,Jun
FY26,Network Services,Network & Infrastructure,a/o 6/30/26,VSDP,Bonus/OT/VSDP,0,0,17599.51,-17599.51,2026-06-30,12,Jun
FY26,Network Services,Network & Infrastructure,a/o 6/30/26,Fringes,Fringes,857037,857037,700054.87,156982.13,2026-06-30,12,Jun
FY26,Network Services,Network & Infrastructure,a/o 6/30/26,Consultant/Contractual,Contractual & Services,10843,10843,30272.7,-19429.7,2026-06-30,12,Jun
FY26,Network Services,Network & Infrastructure,a/o 6/30/26,University/Repair maintenance,Software & Maintenance,0,0,22276,-22276,2026-06-30,12,Jun
FY26,Network Services,Network & Infrastructure,a/o 6/30/26,Express/Courier Services,Other,14540,14540,36.67,14503.33,2026-06-30,12,Jun
FY26,Network Services,Network & Infrastructure,a/o 6/30/26,Supplies,Supplies & Printing,63500,30728.489999999998,3599.1899999999996,27129.3,2026-06-30,12,Jun
FY26,Network Services,Network & Infrastructure,a/o 6/30/26,Recovery/Internal charge,Recoveries & Revenue,0,0,527.12,-527.12,2026-06-30,12,Jun
FY26,Network Services,Network & Infrastructure,a/o 6/30/26,Telecomm,Telecomm & Network,12813,12813,8119.129999999999,4693.870000000001,2026-06-30,12,Jun
FY26,Network Services,Network & Infrastructure,a/o 6/30/26,Leases/Printing,Supplies & Printing,2445,2445,1348.6000000000001,1096.3999999999999,2026-06-30,12,Jun
FY26,Network Services,Network & Infrastructure,a/o 6/30/26,Training/Travel,Training & Travel,11500,11500,4792,6708,2026-06-30,12,Jun
FY26,Network Services,Network & Infrastructure,a/o 6/30/26,FMD,Other,2500,2500,568.28,1931.72,2026-06-30,12,Jun
FY26,Network Services,Network & Infrastructure,a/o 6/30/26,Fuel/Parking,Other,0,0,3426.99,-3426.99,2026-06-30,12,Jun
FY26,Network Services,Network & Infrastructure,a/o 6/30/26,Hardware Maintenance/600202,Software & Maintenance,0,0,100610.02,-100610.02,2026-06-30,12,Jun
FY26,Network Services,Network & Infrastructure,a/o 6/30/26,Software/Cloud Subscriptions/637037,Software & Maintenance,0,0,437638.2,-437638.2,2026-06-30,12,Jun
FY26,Network Services,Network & Infrastructure,a/o 6/30/26,Software Maintenance/600207,Software & Maintenance,233998,233998,384745.24,-150747.24,2026-06-30,12,Jun
FY26,Network Services,Network & Infrastructure,a/o 6/30/26,Laptop Computers under $10K/720007,Equipment & Hardware,0,0,5536,-5536,2026-06-30,12,Jun
FY26,Network Services,Network & Infrastructure,a/o 6/30/26,Other Equipment $10K and above,Equipment & Hardware,15000,15000,40332.53,-25332.53,2026-06-30,12,Jun
FY26,Network Services,Network & Infrastructure,a/o 6/30/26,Recoveries/SLA Fees,Recoveries & Revenue,-126453,-126453,-425610,299157,2026-06-30,12,Jun
FY26,Network Services,Network & Infrastructure,a/o 6/30/26,Recoveries/SAN Fees,Recoveries & Revenue,-40000,-40000,-244960.12,204960.12,2026-06-30,12,Jun
FY26,Network Services,Network & Infrastructure,a/o 6/30/26,Salaries,Salaries,558204,565491,531475.53,34015.46999999997,2026-06-30,12,Jun
FY26,Network Services,Network & Infrastructure,a/o 6/30/26,On Call,Bonus/OT/VSDP,7143,7143,224,6919,2026-06-30,12,Jun
FY26,Network Services,Network & Infrastructure,a/o 6/30/26,OT/VSDP/Bonuses,Bonus/OT/VSDP,3500,3500,28737.51,-25237.51,2026-06-30,12,Jun
FY26,Network Services,Network & Infrastructure,a/o 6/30/26,Hourly Info Tech,Salaries,57000,57000,66724.24,-9724.240000000005,2026-06-30,12,Jun
FY26,Network Services,Network & Infrastructure,a/o 6/30/26,Hourly Fringe,Salaries,3718,3718,4996.38,-1278.38,2026-06-30,12,Jun
FY26,Network Services,Network & Infrastructure,a/o 6/30/26,Fringes,Fringes,197396,197396,213980.05,-16584.04999999999,2026-06-30,12,Jun
FY26,Network Services,Network & Infrastructure,a/o 6/30/26,NOC Telecomm Sppt.,Telecomm & Network,-44136,-44136,-29333,-14803,2026-06-30,12,Jun
FY26,Administrative Systems,Application Services,a/o 6/30/26,IT/Univ Salaries,Salaries,1454956,1469530,1517488.6500000001,-47958.65000000014,2026-06-30,12,Jun
FY26,Administrative Systems,Application Services,a/o 6/30/26,Classified Salaries/VSDP,Salaries,2638,2638,40643.89,-38005.89,2026-06-30,12,Jun
FY26,Administrative Systems,Application Services,a/o 6/30/26,On Call,Bonus/OT/VSDP,4762,4762,158,4604,2026-06-30,12,Jun
FY26,Administrative Systems,Application Services,a/o 6/30/26,Classified Bonus Payments,Bonus/OT/VSDP,10000,10000,27550,-17550,2026-06-30,12,Jun
FY26,Administrative Systems,Application Services,a/o 6/30/26,Hourly Fringe,Salaries,4739,4739,18.75,4720.25,2026-06-30,12,Jun
FY26,Administrative Systems,Application Services,a/o 6/30/26,Fringe,Fringes,595736,595736,613802.2799999999,-18066.27999999991,2026-06-30,12,Jun
FY26,Administrative Systems,Application Services,a/o 6/30/26,Services/Consulting,Contractual & Services,7980,7980,131.68,7848.32,2026-06-30,12,Jun
FY26,Administrative Systems,Application Services,a/o 6/30/26,Telecomm,Telecomm & Network,5280,5280,2653,2627,2026-06-30,12,Jun
FY26,Administrative Systems,Application Services,a/o 6/30/26,Other/Internal Serv. Chrg.,Recoveries & Revenue,0,0,-448303.75,448303.75,2026-06-30,12,Jun
FY26,Administrative Systems,Application Services,a/o 6/30/26,Software Cloud Subscriptions,Software & Maintenance,0,0,1331302.93,-1331302.93,2026-06-30,12,Jun
FY26,Administrative Systems,Application Services,a/o 6/30/26,Maintenance/Software,Software & Maintenance,701560,701560,15522,686038,2026-06-30,12,Jun
FY26,Administrative Systems,Application Services,a/o 6/30/26,Supplies,Supplies & Printing,14426,14426,940.52,13485.48,2026-06-30,12,Jun
FY26,Administrative Systems,Application Services,a/o 6/30/26,Laptop Computers under $10K,Equipment & Hardware,0,0,9376.63,-9376.63,2026-06-30,12,Jun
FY26,Application Services,Application Services,a/o 6/30/26,Classified/IT/Univ. Salary,Salaries,1784335,1771188.7,1580724.12,190464.57999999984,2026-06-30,12,Jun
FY26,Application Services,Application Services,a/o 6/30/26,Hourly Fringe,Salaries,-6824,-6824,37,-6861,2026-06-30,12,Jun
FY26,Application Services,Application Services,a/o 6/30/26,Bonus,Bonus/OT/VSDP,0,0,25100,-25100,2026-06-30,12,Jun
FY26,Application Services,Application Services,a/o 6/30/26,On Call,Bonus/OT/VSDP,9524,9524,1317.5,8206.5,2026-06-30,12,Jun
FY26,Application Services,Application Services,a/o 6/30/26,Fringes,Fringes,606122,607163,612124.79,-4961.790000000037,2026-06-30,12,Jun
FY26,Application Services,Application Services,a/o 6/30/26,Contractual/Consulting,Contractual & Services,28640,28640,6203,22437,2026-06-30,12,Jun
FY26,Application Services,Application Services,a/o 6/30/26,Other Services,Other,920,920,95722,-94802,2026-06-30,12,Jun
FY26,Application Services,Application Services,a/o 6/30/26,Postage,Supplies & Printing,200,200,200.8,-0.8000000000000114,2026-06-30,12,Jun
FY26,Application Services,Application Services,a/o 6/30/26,Supplies,Supplies & Printing,17760,17760,146.29,17613.71,2026-06-30,12,Jun
FY26,Application Services,Application Services,a/o 6/30/26,Computer Supplies,Supplies & Printing,0,0,1410.49,-1410.49,2026-06-30,12,Jun
FY26,Application Services,Application Services,a/o 6/30/26,Telecomm/Wireless,Telecomm & Network,13090,13090,4171.93,8918.07,2026-06-30,12,Jun
FY26,Application Services,Application Services,a/o 6/30/26,Training/Travel,Training & Travel,21967,21967,110,21857,2026-06-30,12,Jun
FY26,Application Services,Application Services,a/o 6/30/26,Other,Other,0,0,4012,-4012,2026-06-30,12,Jun
FY26,Application Services,Application Services,a/o 6/30/26,Maintenance/Software,Software & Maintenance,253200,253200,151254.06,101945.94,2026-06-30,12,Jun
FY26,Application Services,Application Services,a/o 6/30/26,Software Cloud Subscription,Software & Maintenance,0,0,288820.41,-288820.41,2026-06-30,12,Jun
FY26,Application Services,Application Services,a/o 6/30/26,Laptop/ Computers under $10K,Equipment & Hardware,0,0,4643.62,-4643.62,2026-06-30,12,Jun
FY26,Application Services,Application Services,a/o 6/30/26,Internal/Recovery,Recoveries & Revenue,0,0,3977.6,-3977.6,2026-06-30,12,Jun
FY26,Central Services,Central Services,a/o 6/30/26,Info Tech Salaries,Salaries,0,-9103.32,769789.87,-778893.19,2026-06-30,12,Jun
FY26,Central Services,Central Services,a/o 6/30/26,University Salaries,Salaries,868759,869800,76548.96,793251.04,2026-06-30,12,Jun
FY26,Central Services,Central Services,a/o 6/30/26,Hourly/OnCall,Salaries,0,0,11546.73,-11546.73,2026-06-30,12,Jun
FY26,Central Services,Central Services,a/o 6/30/26,Bonus,Bonus/OT/VSDP,0,0,14500,-14500,2026-06-30,12,Jun
FY26,Central Services,Central Services,a/o 6/30/26,Fringe,Fringes,309994,309994,332540.89,-22546.890000000014,2026-06-30,12,Jun
FY26,Central Services,Central Services,a/o 6/30/26,Contractual/Other,Bonus/OT/VSDP,0,0,12.26,-12.26,2026-06-30,12,Jun
FY26,Central Services,Central Services,a/o 6/30/26,Internal Serv. Charge,Recoveries & Revenue,0,0,-432067.74,432067.74,2026-06-30,12,Jun
FY26,Central Services,Central Services,a/o 6/30/26,Supplies/Printing,Supplies & Printing,5000,5000,1343.49,3656.51,2026-06-30,12,Jun
FY26,Central Services,Central Services,a/o 6/30/26,Telecomm,Telecomm & Network,2000,2000,1477.3700000000001,522.6299999999999,2026-06-30,12,Jun
FY26,Central Services,Central Services,a/o 6/30/26,Travel/Training,Training & Travel,8000,8000,6338.6,1661.3999999999996,2026-06-30,12,Jun
FY26,Central Services,Central Services,a/o 6/30/26,Software /Maintenance,Software & Maintenance,454154,454154,945846.3300000001,-491692.3300000001,2026-06-30,12,Jun
FY26,Central Services,Central Services,a/o 6/30/26,RamTech/Equipment,Equipment & Hardware,4000,4000,3249.96,750.04,2026-06-30,12,Jun
FY26,Media Support Services,Academic Technology,a/o 6/30/26,IT/Univ. Salaries,Salaries,661957,669244,652052.23,17191.77000000002,2026-06-30,12,Jun
FY26,Media Support Services,Academic Technology,a/o 6/30/26,OT/Bonuses,Bonus/OT/VSDP,1750,1750,10750,-9000,2026-06-30,12,Jun
FY26,Media Support Services,Academic Technology,a/o 6/30/26,Fringes,Fringes,230562,230562,254644.90000000002,-24082.900000000023,2026-06-30,12,Jun
FY26,Media Support Services,Academic Technology,a/o 6/30/26,Contractual/Maint./Software,Software & Maintenance,0,0,1768.16,-1768.16,2026-06-30,12,Jun
FY26,Media Support Services,Academic Technology,a/o 6/30/26,Supplies/Shipping,Supplies & Printing,2800,2800,718.83,2081.17,2026-06-30,12,Jun
FY26,Media Support Services,Academic Technology,a/o 6/30/26,Fuel/Printing,Supplies & Printing,0,0,73.59,-73.59,2026-06-30,12,Jun
FY26,Media Support Services,Academic Technology,a/o 6/30/26,Audio Visual,Other,0,0,51710.37,-51710.37,2026-06-30,12,Jun
FY26,Media Support Services,Academic Technology,a/o 6/30/26,Telecomm/Wireless,Telecomm & Network,2520,2520,3659.7,-1139.6999999999998,2026-06-30,12,Jun
FY26,Media Support Services,Academic Technology,a/o 6/30/26,Services/Leases,Other,0,0,1898.64,-1898.64,2026-06-30,12,Jun
FY26,Media Support Services,Academic Technology,a/o 6/30/26,Training/Travel,Training & Travel,4025,4025,3419,606,2026-06-30,12,Jun
FY26,Media Support Services,Academic Technology,a/o 6/30/26,University/Electrical,Other,0,0,96,-96,2026-06-30,12,Jun
FY26,Media Support Services,Academic Technology,a/o 6/30/26,Parking,Other,0,0,-606.5,606.5,2026-06-30,12,Jun
FY26,Media Support Services,Academic Technology,a/o 6/30/26,Other Allocated Costs,Other,-169000,-169000,-181674.28,12674.279999999999,2026-06-30,12,Jun
FY26,Academic Technologies,Academic Technology,a/o 6/30/26,Salaries,Salaries,247547,252752,406211.15,-153459.15000000002,2026-06-30,12,Jun
FY26,Academic Technologies,Academic Technology,a/o 6/30/26,Bonuses,Bonus/OT/VSDP,1167,1167,7500,-6333,2026-06-30,12,Jun
FY26,Academic Technologies,Academic Technology,a/o 6/30/26,Hourly/Student Wages,Salaries,0,0,32032.27,-32032.27,2026-06-30,12,Jun
FY26,Academic Technologies,Academic Technology,a/o 6/30/26,Fringe Part-time,Fringes,0,0,2394.9,-2394.9,2026-06-30,12,Jun
FY26,Academic Technologies,Academic Technology,a/o 6/30/26,Fringes,Fringes,79967,79967,159508.71,-79541.70999999999,2026-06-30,12,Jun
FY26,Academic Technologies,Academic Technology,a/o 6/30/26,Equipment lease/Printing,Supplies & Printing,0,0,440.75,-440.75,2026-06-30,12,Jun
FY26,Academic Technologies,Academic Technology,a/o 6/30/26,Internal charge/Recovery,Recoveries & Revenue,0,0,-129891.5,129891.5,2026-06-30,12,Jun
FY26,Academic Technologies,Academic Technology,a/o 6/30/26,SLA's,Recoveries & Revenue,0,0,-345,345,2026-06-30,12,Jun
FY26,Academic Technologies,Academic Technology,a/o 6/30/26,Clothing/Supplies/Postage,Supplies & Printing,1867,1867,3505.11,-1638.1100000000001,2026-06-30,12,Jun
FY26,Academic Technologies,Academic Technology,a/o 6/30/26,Training/Travel,Training & Travel,2683,2683,1920.35,762.6500000000001,2026-06-30,12,Jun
FY26,Academic Technologies,Academic Technology,a/o 6/30/26,University/FMD,Other,0,0,-169773.2,169773.2,2026-06-30,12,Jun
FY26,Academic Technologies,Academic Technology,a/o 6/30/26,Telecomm/Wireless,Telecomm & Network,1880,1880,1437.6,442.4000000000001,2026-06-30,12,Jun
FY26,Academic Technologies,Academic Technology,a/o 6/30/26,Hardware/Software/Maint,Software & Maintenance,3733,3733,39304.31,-35571.31,2026-06-30,12,Jun
FY26,Media Support Services,Academic Technology,a/o 6/30/26,Salaries,Salaries,294630,302958,495607.55,-192649.55,2026-06-30,12,Jun
FY26,Media Support Services,Academic Technology,a/o 6/30/26,Bonuses/OT/VSDP,Bonus/OT/VSDP,2917,2917,12300,-9383,2026-06-30,12,Jun
FY26,Media Support Services,Academic Technology,a/o 6/30/26,Student/Hourly Wages,Salaries,110000,104389.63,98148.35,6241.279999999999,2026-06-30,12,Jun
FY26,Media Support Services,Academic Technology,a/o 6/30/26,Hourly Fringe,Salaries,9982,9982,1529.21,8452.79,2026-06-30,12,Jun
FY26,Media Support Services,Academic Technology,a/o 6/30/26,Fringes,Fringes,154504,154504,195130.46,-40626.45999999999,2026-06-30,12,Jun
FY26,Media Support Services,Academic Technology,a/o 6/30/26,Contractual/Express Serv,Contractual & Services,0,0,702.72,-702.72,2026-06-30,12,Jun
FY26,Media Support Services,Academic Technology,a/o 6/30/26,Technical/Printing,Supplies & Printing,0,0,24.09,-24.09,2026-06-30,12,Jun
FY26,Media Support Services,Academic Technology,a/o 6/30/26,Clothing/Supplies/Postage,Supplies & Printing,4667,4667,1699.0500000000002,2967.95,2026-06-30,12,Jun
FY26,Media Support Services,Academic Technology,a/o 6/30/26,Training/Travel,Training & Travel,6708,6708,1576.56,5131.4400000000005,2026-06-30,12,Jun
FY26,Media Support Services,Academic Technology,a/o 6/30/26,Univ/FMD/Fuel/Install,Other,0,0,781.8399999999999,-781.8399999999999,2026-06-30,12,Jun
FY26,Media Support Services,Academic Technology,a/o 6/30/26,Telecomm/Wireless,Telecomm & Network,4760,4760,5653.63,-893.6300000000001,2026-06-30,12,Jun
FY26,Media Support Services,Academic Technology,a/o 6/30/26,Skilled Services,Contractual & Services,0,0,-100237.15,100237.15,2026-06-30,12,Jun
FY26,Media Support Services,Academic Technology,a/o 6/30/26,Hardware/Software,Software & Maintenance,9333,9333,3019.54,6313.46,2026-06-30,12,Jun
FY26,Media Support Services,Academic Technology,a/o 6/30/26,Audio Equipment /Lease,Equipment & Hardware,0,0,1003.4,-1003.4,2026-06-30,12,Jun
FY26,Media Support Services,Academic Technology,a/o 6/30/26,Recoveries/ Internal,Recoveries & Revenue,-30000,-30000,-4791,-25209,2026-06-30,12,Jun
FY26,Academic Technologies,Academic Technology,a/o 6/30/26,IT Salaries,Salaries,175007,176048,174005.04,2042.9599999999919,2026-06-30,12,Jun
FY26,Academic Technologies,Academic Technology,a/o 6/30/26,Fringe,Fringes,58745,58745,67840.71,-9095.710000000006,2026-06-30,12,Jun
FY26,Academic Technologies,Academic Technology,a/o 6/30/26,Tech/Comp.Consulting/Supplies,Supplies & Printing,95267,91934.06,250.49,91683.56999999999,2026-06-30,12,Jun
FY26,Academic Technologies,Academic Technology,a/o 6/30/26,Telecomm,Telecomm & Network,0,0,1123.6,-1123.6,2026-06-30,12,Jun
FY26,Academic Technologies,Academic Technology,a/o 6/30/26,RamTech/Equipment,Equipment & Hardware,0,0,1476.56,-1476.56,2026-06-30,12,Jun
FY26,Academic Technologies,Academic Technology,a/o 6/30/26,IT/Univ. Salaries,Salaries,534759,541005,458638.27999999997,82366.72000000003,2026-06-30,12,Jun
FY26,Academic Technologies,Academic Technology,a/o 6/30/26,Bonuses/VSDP,Bonus/OT/VSDP,1250,1250,10500,-9250,2026-06-30,12,Jun
FY26,Academic Technologies,Academic Technology,a/o 6/30/26,OnCall/OT,Bonus/OT/VSDP,3333,3333,608,2725,2026-06-30,12,Jun
FY26,Academic Technologies,Academic Technology,a/o 6/30/26,Fringe,Fringes,181307,181307,176973.38999999998,4333.610000000015,2026-06-30,12,Jun
FY26,Academic Technologies,Academic Technology,a/o 6/30/26,Recoveries/Internal,Recoveries & Revenue,0,0,-97933.42,97933.42,2026-06-30,12,Jun
FY26,Academic Technologies,Academic Technology,a/o 6/30/26,Supplies/Printing,Supplies & Printing,2000,2000,361.90999999999997,1638.0900000000001,2026-06-30,12,Jun
FY26,Academic Technologies,Academic Technology,a/o 6/30/26,Telecomm,Telecomm & Network,2280,2280,1755.21,524.79,2026-06-30,12,Jun
FY26,Academic Technologies,Academic Technology,a/o 6/30/26,Travel/Training,Training & Travel,2875,2875,2250,625,2026-06-30,12,Jun
FY26,Academic Technologies,Academic Technology,a/o 6/30/26,FMD/Univ Services,Other,0,0,31.56,-31.56,2026-06-30,12,Jun
FY26,Academic Technologies,Academic Technology,a/o 6/30/26,Software Maintenance,Software & Maintenance,732942,1241848.8900000001,1283672.1,-41823.20999999996,2026-06-30,12,Jun
FY26,Academic Technologies,Academic Technology,a/o 6/30/26,Hardware/RamTech,Equipment & Hardware,4000,4000,2796,1204,2026-06-30,12,Jun
FY26,Media Support Services,Academic Technology,a/o 6/30/26,Salaries,Salaries,168066,171189,223079.28000000003,-51890.28000000003,2026-06-30,12,Jun
FY26,Media Support Services,Academic Technology,a/o 6/30/26,Bonuses/On Call/VSDP,Bonus/OT/VSDP,750,750,4650,-3900,2026-06-30,12,Jun
FY26,Media Support Services,Academic Technology,a/o 6/30/26,Fringes,Fringes,79398,79398,87527.07,-8129.070000000007,2026-06-30,12,Jun
FY26,Media Support Services,Academic Technology,a/o 6/30/26,Maintenance/Development,Software & Maintenance,0,0,-499.85,499.85,2026-06-30,12,Jun
FY26,Media Support Services,Academic Technology,a/o 6/30/26,Other,Other,0,0,5.81,-5.81,2026-06-30,12,Jun
FY26,Media Support Services,Academic Technology,a/o 6/30/26,Clothing/Supplies/Postage,Supplies & Printing,1200,1200,216.08999999999997,983.9100000000001,2026-06-30,12,Jun
FY26,Media Support Services,Academic Technology,a/o 6/30/26,University/FMD/Data/Fuel,Other,0,0,33.85,-33.85,2026-06-30,12,Jun
FY26,Media Support Services,Academic Technology,a/o 6/30/26,Telecomm/Wireless,Telecomm & Network,1080,1080,1223.25,-143.25,2026-06-30,12,Jun
FY26,Media Support Services,Academic Technology,a/o 6/30/26,Maintenance,Software & Maintenance,0,0,90629.82,-90629.82,2026-06-30,12,Jun
FY26,Media Support Services,Academic Technology,a/o 6/30/26,Hardware/Software,Software & Maintenance,2400,2400,-702.76,3102.76,2026-06-30,12,Jun
FY26,Media Support Services,Academic Technology,a/o 6/30/26,Computer/Audio Visual Equipment,Equipment & Hardware,0,0,7823.32,-7823.32,2026-06-30,12,Jun
FY26,Media Support Services,Academic Technology,a/o 6/30/26,Recoveries/Internal Serv. Charge,Recoveries & Revenue,-35000,-35000,-112411.16,77411.16,2026-06-30,12,Jun
FY26,Information Security,Information Security,a/o 6/30/26,IT/Univ. Salaries,Salaries,731274,740226.6,935665.21,-195438.61,2026-06-30,12,Jun
FY26,Information Security,Information Security,a/o 6/30/26,Student/Hourly Wages,Salaries,28000,28000,27456.78,543.2200000000012,2026-06-30,12,Jun
FY26,Information Security,Information Security,a/o 6/30/26,Hourly Fringe,Salaries,2297,2297,501.22,1795.78,2026-06-30,12,Jun
FY26,Information Security,Information Security,a/o 6/30/26,Bonus Hourly/FT,Salaries,0,0,14150,-14150,2026-06-30,12,Jun
FY26,Information Security,Information Security,a/o 6/30/26,On Call,Bonus/OT/VSDP,0,0,48,-48,2026-06-30,12,Jun
FY26,Information Security,Information Security,a/o 6/30/26,Fringes,Fringes,236510,236510,366807.39,-130297.39000000001,2026-06-30,12,Jun
FY26,Information Security,Information Security,a/o 6/30/26,Technical/Contractual Services,Contractual & Services,56855,43538.93,97,43441.93,2026-06-30,12,Jun
FY26,Information Security,Information Security,a/o 6/30/26,Supplies,Supplies & Printing,10000,10000,11290.189999999999,-1290.1899999999987,2026-06-30,12,Jun
FY26,Information Security,Information Security,a/o 6/30/26,Postage/Printing,Supplies & Printing,0,0,272.41,-272.41,2026-06-30,12,Jun
FY26,Information Security,Information Security,a/o 6/30/26,Telecomm/Wireless,Telecomm & Network,1520,1520,2695.46,-1175.46,2026-06-30,12,Jun
FY26,Information Security,Information Security,a/o 6/30/26,Tech & Computer Consulting,Equipment & Hardware,170000,170000,59645.1,110354.9,2026-06-30,12,Jun
FY26,Information Security,Information Security,a/o 6/30/26,Training/Travel/Memberships,Training & Travel,8625,8625,6580.3,2044.6999999999998,2026-06-30,12,Jun
FY26,Information Security,Information Security,a/o 6/30/26,Internal Service Charge,Recoveries & Revenue,0,0,-543185.72,543185.72,2026-06-30,12,Jun
FY26,Information Security,Information Security,a/o 6/30/26,Maintenance - Software,Software & Maintenance,79729,79729,20547.12,59181.880000000005,2026-06-30,12,Jun
FY26,Information Security,Information Security,a/o 6/30/26,Software,Software & Maintenance,0,0,866291.99,-866291.99,2026-06-30,12,Jun
FY26,Information Security,Information Security,a/o 6/30/26,Hardware/RAMTech,Equipment & Hardware,20000,20000,10670.04,9329.96,2026-06-30,12,Jun
FY26,Information Security,Information Security,a/o 6/30/26,IT/Univ. Salaries,Salaries,488559,493607.85,587079.01,-93471.16000000003,2026-06-30,12,Jun
FY26,Information Security,Information Security,a/o 6/30/26,On Call/Bonus,Bonus/OT/VSDP,0,0,7275,-7275,2026-06-30,12,Jun
FY26,Information Security,Information Security,a/o 6/30/26,Hourly,Salaries,0,0,11184.5,-11184.5,2026-06-30,12,Jun
FY26,Information Security,Information Security,a/o 6/30/26,Fringes,Fringes,162630,162630,229366.03,-66736.03,2026-06-30,12,Jun
FY26,Information Security,Information Security,a/o 6/30/26,Training/Travel,Training & Travel,2875,2875,883.24,1991.76,2026-06-30,12,Jun
FY26,Information Security,Information Security,a/o 6/30/26,Telecomm/Wireless,Telecomm & Network,-360,-360,782.6400000000001,-1142.64,2026-06-30,12,Jun
FY26,Information Security,Information Security,a/o 6/30/26,Internal service charge,Recoveries & Revenue,0,0,30,-30,2026-06-30,12,Jun
FY26,Information Security,Information Security,a/o 6/30/26,IT/Univ. Salaries,Salaries,405190,408313,279768,128545,2026-06-30,12,Jun
FY26,Information Security,Information Security,a/o 6/30/26,Bonus,Bonus/OT/VSDP,0,0,4500,-4500,2026-06-30,12,Jun
FY26,Information Security,Information Security,a/o 6/30/26,Fringes,Fringes,137840,137840,109626.63,28213.369999999995,2026-06-30,12,Jun
FY26,Information Security,Information Security,a/o 6/30/26,Printing,Supplies & Printing,0,0,0.27,-0.27,2026-06-30,12,Jun
FY26,Information Security,Information Security,a/o 6/30/26,Telecomm,Telecomm & Network,1340,1340,1617.6,-277.5999999999999,2026-06-30,12,Jun
FY26,Information Security,Information Security,a/o 6/30/26,Internal charge,Recoveries & Revenue,0,0,-56516,56516,2026-06-30,12,Jun
FY26,Information Security,Information Security,a/o 6/30/26,Software/Maintenance,Software & Maintenance,152682,145622.29,21593.81,124028.48000000001,2026-06-30,12,Jun
FY26,Technology Support Services,Technical Support Services,a/o 6/30/26,Software,Software & Maintenance,0,0,138827,-138827,2026-06-30,12,Jun
FY26,Technology Support Services,Technical Support Services,a/o 6/30/26,Contractual Services,Contractual & Services,113800,113800,448,113352,2026-06-30,12,Jun
FY26,Technology Support Services,Technical Support Services,a/o 6/30/26,Printing/Internal,Supplies & Printing,10000,10000,-1250,11250,2026-06-30,12,Jun
FY26,Technology Support Services,Technical Support Services,a/o 6/30/26,Supplies,Supplies & Printing,0,0,199.94,-199.94,2026-06-30,12,Jun
FY26,Technology Support Services,Technical Support Services,a/o 6/30/26,Other,Other,0,0,2106,-2106,2026-06-30,12,Jun
FY26,Technology Support Services,Technical Support Services,a/o 6/30/26,Classified/Univ Salaries/VSDP,Salaries,771329,785288.81,1066730.37,-281441.56000000006,2026-06-30,12,Jun
FY26,Technology Support Services,Technical Support Services,a/o 6/30/26,VSDP,Bonus/OT/VSDP,0,0,3130.91,-3130.91,2026-06-30,12,Jun
FY26,Technology Support Services,Technical Support Services,a/o 6/30/26,Bonuses,Bonus/OT/VSDP,3000,3000,23415,-20415,2026-06-30,12,Jun
FY26,Technology Support Services,Technical Support Services,a/o 6/30/26,Oncall /OT,Bonus/OT/VSDP,0,0,5672.3,-5672.3,2026-06-30,12,Jun
FY26,Technology Support Services,Technical Support Services,a/o 6/30/26,Student/Hourly Wages,Salaries,46000,46000,101962.53,-55962.53,2026-06-30,12,Jun
FY26,Technology Support Services,Technical Support Services,a/o 6/30/26,Fringe Part time,Fringes,3773,3773,171.73,3601.27,2026-06-30,12,Jun
FY26,Technology Support Services,Technical Support Services,a/o 6/30/26,Fringes,Fringes,222189,222189,413569.01,-191380.01,2026-06-30,12,Jun
FY26,Technology Support Services,Technical Support Services,a/o 6/30/26,Other Sales/Recovery,Recoveries & Revenue,0,0,483,-483,2026-06-30,12,Jun
FY26,Technology Support Services,Technical Support Services,a/o 6/30/26,Internal Service charge,Recoveries & Revenue,-30000,-30000,-425555.29,395555.29,2026-06-30,12,Jun
FY26,Technology Support Services,Technical Support Services,a/o 6/30/26,Technical/Printing,Supplies & Printing,0,0,6.98,-6.98,2026-06-30,12,Jun
FY26,Technology Support Services,Technical Support Services,a/o 6/30/26,Clothing/Supplies/Postage,Supplies & Printing,4400,4400,8610.22,-4210.219999999999,2026-06-30,12,Jun
FY26,Technology Support Services,Technical Support Services,a/o 6/30/26,Training/Travel,Training & Travel,6325,6325,422.74,5902.26,2026-06-30,12,Jun
FY26,Technology Support Services,Technical Support Services,a/o 6/30/26,University/FMD/Parking,Other,0,0,4627.5,-4627.5,2026-06-30,12,Jun
FY26,Technology Support Services,Technical Support Services,a/o 6/30/26,Telecomm/Wireless,Telecomm & Network,3600,3600,5214.63,-1614.63,2026-06-30,12,Jun
FY26,Technology Support Services,Technical Support Services,a/o 6/30/26,Software/Maintenance,Software & Maintenance,0,0,4939.48,-4939.48,2026-06-30,12,Jun
FY26,Technology Support Services,Technical Support Services,a/o 6/30/26,Equipment /RAMTECH,Equipment & Hardware,8800,8800,9238.689999999999,-438.6899999999987,2026-06-30,12,Jun
FY26,Technology Support Services,Technical Support Services,a/o 6/30/26,Hourly Wages,Salaries,0,0,12499.34,-12499.34,2026-06-30,12,Jun
FY26,Technology Support Services,Technical Support Services,a/o 6/30/26,Hourly Fringe,Salaries,0,0,69.89,-69.89,2026-06-30,12,Jun
FY26,Technology Support Services,Technical Support Services,a/o 6/30/26,University Salary,Salaries,29023,31105,113666.81,-82561.81,2026-06-30,12,Jun
FY26,Technology Support Services,Technical Support Services,a/o 6/30/26,Fringe,Fringes,4620,4620,48800.39,-44180.39,2026-06-30,12,Jun
FY26,Technology Support Services,Technical Support Services,a/o 6/30/26,VSDP/OT,Bonus/OT/VSDP,0,0,7328.25,-7328.25,2026-06-30,12,Jun
FY26,Technology Support Services,Technical Support Services,a/o 6/30/26,Bonus,Bonus/OT/VSDP,0,0,3500,-3500,2026-06-30,12,Jun
FY26,Technology Support Services,Technical Support Services,a/o 6/30/26,Supplies/Employee Clothing,Supplies & Printing,0,18443,35540.15,-17097.15,2026-06-30,12,Jun
FY26,Technology Support Services,Technical Support Services,a/o 6/30/26,Other,Other,0,-318.7,14231.52,-14550.220000000001,2026-06-30,12,Jun
FY26,Technology Support Services,Technical Support Services,a/o 6/30/26,Bank Charges,Other,0,0,425.03,-425.03,2026-06-30,12,Jun
FY26,Technology Support Services,Technical Support Services,a/o 6/30/26,Revenue,Recoveries & Revenue,0,0,-191489.87000000002,191489.87000000002,2026-06-30,12,Jun
FY26,Technology Support Services,Technical Support Services,a/o 6/30/26,Internal Service Charge,Recoveries & Revenue,0,0,-5888.9,5888.9,2026-06-30,12,Jun
FY26,Technology Support Services,Technical Support Services,a/o 6/30/26,Telecomm/Wireless,Telecomm & Network,0,0,20.54,-20.54,2026-06-30,12,Jun
FY26,Technology Support Services,Technical Support Services,a/o 6/30/26,Salaries,Salaries,567660,573906,443442.73,130463.27000000002,2026-06-30,12,Jun
FY26,Technology Support Services,Technical Support Services,a/o 6/30/26,OnCall/OT,Bonus/OT/VSDP,0,0,5355.93,-5355.93,2026-06-30,12,Jun
FY26,Technology Support Services,Technical Support Services,a/o 6/30/26,Bonuses,Bonus/OT/VSDP,4333,4333,10750,-6417,2026-06-30,12,Jun
FY26,Technology Support Services,Technical Support Services,a/o 6/30/26,Student/Hourly Wages,Salaries,80417,80417,343302.26,-262885.26,2026-06-30,12,Jun
FY26,Technology Support Services,Technical Support Services,a/o 6/30/26,Fringe PT,Fringes,8627,8627,16414.18,-7787.18,2026-06-30,12,Jun
FY26,Technology Support Services,Technical Support Services,a/o 6/30/26,Fringes,Fringes,198758,198758,171459.46000000002,27298.53999999998,2026-06-30,12,Jun
FY26,Technology Support Services,Technical Support Services,a/o 6/30/26,Internal charge/Printing,Supplies & Printing,0,0,-83838.6,83838.6,2026-06-30,12,Jun
FY26,Technology Support Services,Technical Support Services,a/o 6/30/26,Contractual/Other,Bonus/OT/VSDP,0,0,99.02000000000001,-99.02000000000001,2026-06-30,12,Jun
FY26,Technology Support Services,Technical Support Services,a/o 6/30/26,Clothing/Supplies/Postage,Supplies & Printing,10600,10600,6889.79,3710.21,2026-06-30,12,Jun
FY26,Technology Support Services,Technical Support Services,a/o 6/30/26,Training/Travel,Training & Travel,9966,9966,28015.809999999994,-18049.809999999994,2026-06-30,12,Jun
FY26,Technology Support Services,Technical Support Services,a/o 6/30/26,University/FMD/Lease,Other,0,0,48,-48,2026-06-30,12,Jun
FY26,Technology Support Services,Technical Support Services,a/o 6/30/26,Telecomm/Wireless,Telecomm & Network,44120,44120,71506.06,-27386.059999999998,2026-06-30,12,Jun
FY26,Technology Support Services,Technical Support Services,a/o 6/30/26,Software,Software & Maintenance,0,0,3734.06,-3734.06,2026-06-30,12,Jun
FY26,Technology Support Services,Technical Support Services,a/o 6/30/26,Hardware/RamTech,Equipment & Hardware,13867,13867,10166.14,3700.8600000000006,2026-06-30,12,Jun
FY26,Campus Card Services,Technical Support Services,a/o 6/30/26,Equip Repair,Other,0,0,428559.56,-428559.56,2026-06-30,12,Jun
FY26,Campus Card Services,Technical Support Services,a/o 6/30/26,Electrical Repair,Other,0,0,6031.92,-6031.92,2026-06-30,12,Jun
FY26,Campus Card Services,Technical Support Services,a/o 6/30/26,Skilled Services,Contractual & Services,0,0,360.25,-360.25,2026-06-30,12,Jun
FY26,Campus Card Services,Technical Support Services,a/o 6/30/26,Supplies,Supplies & Printing,0,0,3095.82,-3095.82,2026-06-30,12,Jun
FY26,Campus Card Services,Technical Support Services,a/o 6/30/26,Equipment Install,Equipment & Hardware,0,0,177008.44,-177008.44,2026-06-30,12,Jun
FY26,Campus Card Services,Technical Support Services,a/o 6/30/26,Recoveries,Recoveries & Revenue,0,0,-9061.89,9061.89,2026-06-30,12,Jun
FY26,Campus Card Services,Technical Support Services,a/o 6/30/26,Classified Salary,Salaries,196572,196572,111917.25,84654.75,2026-06-30,12,Jun
FY26,Campus Card Services,Technical Support Services,a/o 6/30/26,IT/University Salary,Salaries,269891,277282.1,527729.65,-250447.55000000005,2026-06-30,12,Jun
FY26,Campus Card Services,Technical Support Services,a/o 6/30/26,On Call/OT,Bonus/OT/VSDP,0,0,4811.62,-4811.62,2026-06-30,12,Jun
FY26,Campus Card Services,Technical Support Services,a/o 6/30/26,Bonus,Bonus/OT/VSDP,0,0,10650,-10650,2026-06-30,12,Jun
FY26,Campus Card Services,Technical Support Services,a/o 6/30/26,Hourly/Student Wages,Salaries,65000,65000,139883.02,-74883.01999999999,2026-06-30,12,Jun
FY26,Campus Card Services,Technical Support Services,a/o 6/30/26,Fringe PT,Fringes,2538,2538,4833.89,-2295.8900000000003,2026-06-30,12,Jun
FY26,Campus Card Services,Technical Support Services,a/o 6/30/26,Fringes,Fringes,42578,42578,239920.47,-197342.47,2026-06-30,12,Jun
FY26,Campus Card Services,Technical Support Services,a/o 6/30/26,Express/Shipping,Supplies & Printing,26500,26500,804.53,25695.47,2026-06-30,12,Jun
FY26,Campus Card Services,Technical Support Services,a/o 6/30/26,Contractual - Printing/Advertising,Supplies & Printing,50838,64038,9535.04,54502.96,2026-06-30,12,Jun
FY26,Campus Card Services,Technical Support Services,a/o 6/30/26,Software,Software & Maintenance,0,0,109394.94,-109394.94,2026-06-30,12,Jun
FY26,Campus Card Services,Technical Support Services,a/o 6/30/26,Supplies,Supplies & Printing,35600,24672.43,17563.489999999998,7108.940000000002,2026-06-30,12,Jun
FY26,Campus Card Services,Technical Support Services,a/o 6/30/26,Other Supplies,Supplies & Printing,0,0,786.55,-786.55,2026-06-30,12,Jun
FY26,Campus Card Services,Technical Support Services,a/o 6/30/26,Other,Other,0,0,6591,-6591,2026-06-30,12,Jun
FY26,Campus Card Services,Technical Support Services,a/o 6/30/26,Photographic Supplies,Supplies & Printing,110055,110055,189651.24,-79596.23999999999,2026-06-30,12,Jun
FY26,Campus Card Services,Technical Support Services,a/o 6/30/26,Fuel,Other,1000,1000,806.97,193.02999999999997,2026-06-30,12,Jun
FY26,Campus Card Services,Technical Support Services,a/o 6/30/26,Parking/Fleet,Other,0,0,3492.9,-3492.9,2026-06-30,12,Jun
FY26,Campus Card Services,Technical Support Services,a/o 6/30/26,Freight/Postage/Mail,Supplies & Printing,1000,1000,531.5999999999999,468.4000000000001,2026-06-30,12,Jun
FY26,Campus Card Services,Technical Support Services,a/o 6/30/26,Telecomm,Telecomm & Network,11800,11800,7010.8099999999995,4789.1900000000005,2026-06-30,12,Jun
FY26,Campus Card Services,Technical Support Services,a/o 6/30/26,Training/Travel,Training & Travel,4025,4025,970,3055,2026-06-30,12,Jun
FY26,Campus Card Services,Technical Support Services,a/o 6/30/26,FMD/Data Install,Other,5000,5000,582.54,4417.46,2026-06-30,12,Jun
FY26,Campus Card Services,Technical Support Services,a/o 6/30/26,Bank Charges,Other,30000,30000,15171.72,14828.28,2026-06-30,12,Jun
FY26,Campus Card Services,Technical Support Services,a/o 6/30/26,Equipment/RamTech,Equipment & Hardware,52846,52846,15422.99,37423.01,2026-06-30,12,Jun
FY26,Campus Card Services,Technical Support Services,a/o 6/30/26,Other Allocated Cost,Other,-45036,-45036,2422.85,-47458.85,2026-06-30,12,Jun
FY26,Campus Card Services,Technical Support Services,a/o 6/30/26,Internal Service Charge,Recoveries & Revenue,-55000,-55000,-69708.62,14708.619999999995,2026-06-30,12,Jun
FY26,Campus Card Services,Technical Support Services,a/o 6/30/26,Sales/Services(Revenue),Recoveries & Revenue,-350000,-350000,-477117.62,127117.62,2026-06-30,12,Jun
FY26,Technology Support Services,Technical Support Services,a/o 6/30/26,Classified/IT Salaries,Salaries,194796,195837,172435.92,23401.079999999987,2026-06-30,12,Jun
FY26,Technology Support Services,Technical Support Services,a/o 6/30/26,Hourly/Bonus,Salaries,0,0,2000,-2000,2026-06-30,12,Jun
FY26,Technology Support Services,Technical Support Services,a/o 6/30/26,Hourly Fringe,Salaries,0,0,37,-37,2026-06-30,12,Jun
FY26,Technology Support Services,Technical Support Services,a/o 6/30/26,Fringes,Fringes,66827,66827,67139.48,-312.4799999999959,2026-06-30,12,Jun
FY26,Technology Support Services,Technical Support Services,a/o 6/30/26,Technical/ Other,Other,68063,65166.63,3400,61766.63,2026-06-30,12,Jun
FY26,Technology Support Services,Technical Support Services,a/o 6/30/26,Software Cloud Subscriptions,Software & Maintenance,0,584240,591198.71,-6958.709999999963,2026-06-30,12,Jun
FY26,Technology Support Services,Technical Support Services,a/o 6/30/26,Contractual/Printing,Supplies & Printing,8432,8432,1.27,8430.73,2026-06-30,12,Jun
FY26,Technology Support Services,Technical Support Services,a/o 6/30/26,Supplies,Supplies & Printing,6316,6316,-22997.5,29313.5,2026-06-30,12,Jun
FY26,Technology Support Services,Technical Support Services,a/o 6/30/26,Fuel/Fleet,Other,0,0,111.34,-111.34,2026-06-30,12,Jun
FY26,Technology Support Services,Technical Support Services,a/o 6/30/26,Telecomm/Wireless,Telecomm & Network,6520,6520,1784.1100000000001,4735.889999999999,2026-06-30,12,Jun
FY26,Technology Support Services,Technical Support Services,a/o 6/30/26,Lease Equipment,Equipment & Hardware,5000,5000,1711.2,3288.8,2026-06-30,12,Jun
FY26,Technology Support Services,Technical Support Services,a/o 6/30/26,Training/Travel,Training & Travel,1725,1725,2925,-1200,2026-06-30,12,Jun
FY26,Technology Support Services,Technical Support Services,a/o 6/30/26,Internal charge,Recoveries & Revenue,0,0,507,-507,2026-06-30,12,Jun
FY26,Technology Support Services,Technical Support Services,a/o 6/30/26,Equipment/RAMTECH,Equipment & Hardware,2,2,79448,-79446,2026-06-30,12,Jun
FY26,Technology Support Services,Technical Support Services,a/o 6/30/26,Classified/IT/Univ. Salaries,Salaries,402230,406394,403506.88,2887.1199999999953,2026-06-30,12,Jun
FY26,Technology Support Services,Technical Support Services,a/o 6/30/26,Bonuses,Bonus/OT/VSDP,1000,1000,6000,-5000,2026-06-30,12,Jun
FY26,Technology Support Services,Technical Support Services,a/o 6/30/26,Fringes,Fringes,137109,137109,158082.09,-20973.089999999997,2026-06-30,12,Jun
FY26,Technology Support Services,Technical Support Services,a/o 6/30/26,Contractual/Internal,Contractual & Services,0,0,761.25,-761.25,2026-06-30,12,Jun
FY26,Technology Support Services,Technical Support Services,a/o 6/30/26,Technical/Printing,Supplies & Printing,0,0,775.7800000000001,-775.7800000000001,2026-06-30,12,Jun
FY26,Technology Support Services,Technical Support Services,a/o 6/30/26,Clothing/Supplies/Postage,Supplies & Printing,1200,1200,78.72,1121.28,2026-06-30,12,Jun
FY26,Technology Support Services,Technical Support Services,a/o 6/30/26,Training/Travel,Training & Travel,1725,1725,9930,-8205,2026-06-30,12,Jun
FY26,Technology Support Services,Technical Support Services,a/o 6/30/26,Telecomm/Wireless,Telecomm & Network,960,960,791.37,168.63,2026-06-30,12,Jun
FY26,Technology Support Services,Technical Support Services,a/o 6/30/26,Maintenance,Software & Maintenance,225160,217430.87,298250,-80819.13,2026-06-30,12,Jun
FY26,Technology Support Services,Technical Support Services,a/o 6/30/26,Software,Software & Maintenance,0,0,10284.11,-10284.11,2026-06-30,12,Jun
FY26,Technology Support Services,Technical Support Services,a/o 6/30/26,Equipment/RamTech,Equipment & Hardware,800,800,2348,-1548,2026-06-30,12,Jun
FY26,Campus Card Services,Technical Support Services,a/o 6/30/26,Printing Services,Supplies & Printing,0,19082,-3447.69,22529.69,2026-06-30,12,Jun
FY27,Central Services,Central Services,a/o 8/31/26,Univ. Salaries,Salaries,492726,492726,62975.94,-9401.419999999984,2026-08-31,2,Aug
FY27,Central Services,Central Services,a/o 8/31/26,Fringes,Fringes,162885,162885,24320.31,-31386.932759999996,2026-08-31,2,Aug
FY27,Central Services,Central Services,a/o 8/31/26,Printing/Postage,Supplies & Printing,0,0,1.88,-1.88,2026-08-31,2,Aug
FY27,Central Services,Central Services,a/o 8/31/26,Supplies,Supplies & Printing,6000,6000,450,5550,2026-08-31,2,Aug
FY27,Central Services,Central Services,a/o 8/31/26,Telecomm,Telecomm & Network,2291,2291,134.85,2156.15,2026-08-31,2,Aug
FY27,Technology Services,Central Services,a/o 8/31/26,Tele Wireless/Data,Telecomm & Network,0,0,159.96,-159.96,2026-08-31,2,Aug
FY27,Technology Services,Central Services,a/o 8/31/26,Telecomm,Telecomm & Network,0,0,6.75,-6.75,2026-08-31,2,Aug
FY27,Technology Services,Central Services,a/o 8/31/26,Computer Software Cloud,Software & Maintenance,0,0,1041.01,-1041.01,2026-08-31,2,Aug
FY27,Technology Services,Central Services,a/o 8/31/26,IT/ University Salaries,Salaries,499763,499763,68297.72,-102730.19999999995,2026-08-31,2,Aug
FY27,Technology Services,Central Services,a/o 8/31/26,Fringes,Fringes,236785,236785,26474.09,3577.259240000014,2026-08-31,2,Aug
FY27,Technology Services,Central Services,a/o 8/31/26,Printing,Supplies & Printing,0,0,0.3,-0.3,2026-08-31,2,Aug
FY27,Technology Services,Central Services,a/o 8/31/26,Electrical,Other,0,0,448.19,-448.19,2026-08-31,2,Aug
FY27,Technology Services,Central Services,a/o 8/31/26,Telecomm/Wireless,Telecomm & Network,1440,1440,29.95,1410.05,2026-08-31,2,Aug
FY27,Technology Services,Central Services,a/o 8/31/26,Lease Equipment,Equipment & Hardware,3200,3200,167.93,3032.07,2026-08-31,2,Aug
FY27,Technology Services,Central Services,a/o 8/31/26,Physical Plant/Repair,Other,1000,1000,216,784,2026-08-31,2,Aug
FY27,Technology Services,Central Services,a/o 8/31/26,Telecomm/Wireless,Telecomm & Network,4000,4000,293.45,3706.55,2026-08-31,2,Aug
FY27,Technology Services,Central Services,a/o 8/31/26,Other,Other,0,0,15890,-15890,2026-08-31,2,Aug
FY27,Technology Services,Central Services,a/o 8/31/26,Software Maintenance,Software & Maintenance,3209731,3209731,29862.12,3179868.88,2026-08-31,2,Aug
FY27,Technology Services,Central Services,a/o 8/31/26,Software /Cloud Subscriptions / 637037,Software & Maintenance,0,0,228722.59,-228722.59,2026-08-31,2,Aug
FY27,Technology Services,Central Services,a/o 8/31/26,Internal charge,Recoveries & Revenue,0,0,-1658.64,1658.64,2026-08-31,2,Aug
FY27,Technology Services,Central Services,a/o 8/31/26,Hourly Wages,Salaries,0,0,23217,-23217,2026-08-31,2,Aug
FY27,Technology Services,Central Services,a/o 8/31/26,Hourly Fringe,Salaries,0,0,222.93,-222.93,2026-08-31,2,Aug
FY27,Technology Services,Central Services,a/o 8/31/26,IT/Univ Salary,Salaries,188735,188735,63833.16,-321300.28,2026-08-31,2,Aug
FY27,Technology Services,Central Services,a/o 8/31/26,Software,Software & Maintenance,0,0,762.03,-762.03,2026-08-31,2,Aug
FY27,Technology Services,Central Services,a/o 8/31/26,Tele Centrex,Telecomm & Network,1440,1440,74.95,1365.05,2026-08-31,2,Aug
FY27,Network Services,Network & Infrastructure,a/o 8/31/26,Supplies/FMD,Supplies & Printing,183150,183150,226.8,182923.2,2026-08-31,2,Aug
FY27,Network Services,Network & Infrastructure,a/o 8/31/26,Office Supplies/Other,Bonus/OT/VSDP,0,0,16193.47,-16193.47,2026-08-31,2,Aug
FY27,Network Services,Network & Infrastructure,a/o 8/31/26,Network and Data Supplies,Supplies & Printing,0,0,34292.5,-34292.5,2026-08-31,2,Aug
FY27,Network Services,Network & Infrastructure,a/o 8/31/26,IT Salaries/Univ Salaries,Salaries,2405847,2405847,271069.19,266224.48,2026-08-31,2,Aug
FY27,Network Services,Network & Infrastructure,a/o 8/31/26,Fringes,Fringes,838295,838295,103482.28,11682.581289999885,2026-08-31,2,Aug
FY27,Network Services,Network & Infrastructure,a/o 8/31/26,Fuel/Postage,Supplies & Printing,0,0,65.95,-65.95,2026-08-31,2,Aug
FY27,Network Services,Network & Infrastructure,a/o 8/31/26,Fleet Mgt/Parking,Other,7370,7370,1176,6194,2026-08-31,2,Aug
FY27,Network Services,Network & Infrastructure,a/o 8/31/26,Telecomm/Wireless,Telecomm & Network,23052,23052,529.09,22522.91,2026-08-31,2,Aug
FY27,Network Services,Network & Infrastructure,a/o 8/31/26,Printing,Supplies & Printing,0,0,12.35,-12.35,2026-08-31,2,Aug
FY27,Network Services,Network & Infrastructure,a/o 8/31/26,Operating Lease Equipment/Lease Bldg.,Equipment & Hardware,1500,1500,724.71,775.29,2026-08-31,2,Aug
FY27,Network Services,Network & Infrastructure,a/o 8/31/26,Lease/Equipment,Equipment & Hardware,0,0,1766.66,-1766.66,2026-08-31,2,Aug
FY27,Network Services,Network & Infrastructure,a/o 8/31/26,Recoveries/Labor/Data Install,Recoveries & Revenue,-50000,-50000,-90,-49910,2026-08-31,2,Aug
FY27,Network Services,Network & Infrastructure,a/o 8/31/26,Recoveries/Internal,Recoveries & Revenue,-350000,-350000,-1783.44,-348216.56,2026-08-31,2,Aug
FY27,Network Services,Network & Infrastructure,a/o 8/31/26,Network/Data Supplies,Supplies & Printing,1000000,1000000,29323.92,970676.08,2026-08-31,2,Aug
FY27,Network Services,Network & Infrastructure,a/o 8/31/26,Data Installation,Other,0,0,-10955.46,10955.46,2026-08-31,2,Aug
FY27,Network Services,Network & Infrastructure,a/o 8/31/26,Other (VCUHS),Other,0,0,-2086.74,2086.74,2026-08-31,2,Aug
FY27,Network Services,Network & Infrastructure,a/o 8/31/26,Tele Circuits,Telecomm & Network,0,0,185.3,-185.3,2026-08-31,2,Aug
FY27,Network Services,Network & Infrastructure,a/o 8/31/26,Skilled Services,Contractual & Services,196195,196195,5482.92,190712.08,2026-08-31,2,Aug
FY27,Network Services,Network & Infrastructure,a/o 8/31/26,Software Cloud Subscriptions,Software & Maintenance,0,0,425,-425,2026-08-31,2,Aug
FY27,Network Services,Network & Infrastructure,a/o 8/31/26,Internal Serv. Charge,Recoveries & Revenue,0,0,-12733.08,12733.08,2026-08-31,2,Aug
FY27,Network Services,Network & Infrastructure,a/o 8/31/26,Info Tech Salaries,Salaries,1986473,1986473,214990.11,296666.1200000001,2026-08-31,2,Aug
FY27,Network Services,Network & Infrastructure,a/o 8/31/26,On Call,Bonus/OT/VSDP,8095,8095,20,8075,2026-08-31,2,Aug
FY27,Network Services,Network & Infrastructure,a/o 8/31/26,Fringes,Fringes,875188,875188,81676.8,222757.11000999995,2026-08-31,2,Aug
FY27,Network Services,Network & Infrastructure,a/o 8/31/26,Telecomm,Telecomm & Network,12813,12813,676.4300000000001,12136.57,2026-08-31,2,Aug
FY27,Network Services,Network & Infrastructure,a/o 8/31/26,Leases/Printing,Supplies & Printing,2445,2445,110,2335,2026-08-31,2,Aug
FY27,Network Services,Network & Infrastructure,a/o 8/31/26,Software/Cloud Subscriptions/637037,Software & Maintenance,0,0,39587,-39587,2026-08-31,2,Aug
FY27,Network Services,Network & Infrastructure,a/o 8/31/26,Recoveries/SLA Fees,Recoveries & Revenue,-126453,-126453,-16031,-110422,2026-08-31,2,Aug
FY27,Network Services,Network & Infrastructure,a/o 8/31/26,Recoveries/SAN Fees,Recoveries & Revenue,-40000,-40000,-28411,-11589,2026-08-31,2,Aug
FY27,Network Services,Network & Infrastructure,a/o 8/31/26,Salaries,Salaries,574793,574793,63688.66,37124.68000000005,2026-08-31,2,Aug
FY27,Network Services,Network & Infrastructure,a/o 8/31/26,OT/VSDP/Bonuses,Bonus/OT/VSDP,3500,3500,5012.72,-1512.7200000000003,2026-08-31,2,Aug
FY27,Network Services,Network & Infrastructure,a/o 8/31/26,Hourly Info Tech,Salaries,57000,57000,3030,53970,2026-08-31,2,Aug
FY27,Network Services,Network & Infrastructure,a/o 8/31/26,Hourly Fringe,Salaries,3718,3718,228.7,3489.3,2026-08-31,2,Aug
FY27,Network Services,Network & Infrastructure,a/o 8/31/26,Fringes,Fringes,203833,203833,26249.47,-5846.598419999995,2026-08-31,2,Aug
FY27,Administrative Systems,Application Services,a/o 8/31/26,IT/Univ Salaries,Salaries,1469282,1469282,210861.84,-240943.71999999997,2026-08-31,2,Aug
FY27,Administrative Systems,Application Services,a/o 8/31/26,Fringe,Fringes,601295,601295,81629.76000000001,-60588.58155999996,2026-08-31,2,Aug
FY27,Administrative Systems,Application Services,a/o 8/31/26,Telecomm,Telecomm & Network,5280,5280,238,5042,2026-08-31,2,Aug
FY27,Administrative Systems,Application Services,a/o 8/31/26,Software Cloud Subscriptions,Software & Maintenance,0,0,74326.02,-74326.02,2026-08-31,2,Aug
FY27,Application Services,Application Services,a/o 8/31/26,Classified/IT/Univ. Salary,Salaries,1779195,1779195,198012.51,265739.02,2026-08-31,2,Aug
FY27,Application Services,Application Services,a/o 8/31/26,On Call,Bonus/OT/VSDP,9524,9524,124,9400,2026-08-31,2,Aug
FY27,Application Services,Application Services,a/o 8/31/26,Fringes,Fringes,614883,614883,75487.03,30319.347109999973,2026-08-31,2,Aug
FY27,Application Services,Application Services,a/o 8/31/26,Telecomm/Wireless,Telecomm & Network,13090,13090,346.9,12743.1,2026-08-31,2,Aug
FY27,Application Services,Application Services,a/o 8/31/26,Maintenance/Software,Software & Maintenance,253200,253200,23625,229575,2026-08-31,2,Aug
FY27,Application Services,Application Services,a/o 8/31/26,Software Cloud Subscription,Software & Maintenance,0,0,76954.97,-76954.97,2026-08-31,2,Aug
FY27,Central Services,Central Services,a/o 8/31/26,Info Tech Salaries,Salaries,-15253,-15253,92343.15,-752738.2000000001,2026-08-31,2,Aug
FY27,Central Services,Central Services,a/o 8/31/26,University Salaries,Salaries,871089,871089,9568.62,794960.04,2026-08-31,2,Aug
FY27,Central Services,Central Services,a/o 8/31/26,Hourly/OnCall,Salaries,0,0,118.97,-118.97,2026-08-31,2,Aug
FY27,Central Services,Central Services,a/o 8/31/26,Fringe,Fringes,311339,311339,39414.76,-3504.584930000012,2026-08-31,2,Aug
FY27,Central Services,Central Services,a/o 8/31/26,Internal Serv. Charge,Recoveries & Revenue,0,0,1522.5,-1522.5,2026-08-31,2,Aug
FY27,Central Services,Central Services,a/o 8/31/26,Telecomm,Telecomm & Network,2000,2000,120,1880,2026-08-31,2,Aug
FY27,Central Services,Central Services,a/o 8/31/26,Software /Maintenance,Software & Maintenance,454154,454154,6515.73,447638.27,2026-08-31,2,Aug
FY27,Media Support Services,Academic Technology,a/o 8/31/26,IT/Univ. Salaries,Salaries,681931,681931,82156.74,29087.079999999958,2026-08-31,2,Aug
FY27,Media Support Services,Academic Technology,a/o 8/31/26,Fringes,Fringes,238312,238312,31605.18,-14149.118660000007,2026-08-31,2,Aug
FY27,Media Support Services,Academic Technology,a/o 8/31/26,Fuel/Printing,Supplies & Printing,0,0,5.1,-5.1,2026-08-31,2,Aug
FY27,Media Support Services,Academic Technology,a/o 8/31/26,Telecomm/Wireless,Telecomm & Network,2520,2520,294.75,2225.25,2026-08-31,2,Aug
FY27,Media Support Services,Academic Technology,a/o 8/31/26,Services/Leases,Other,0,0,107.22,-107.22,2026-08-31,2,Aug
FY27,Media Support Services,Academic Technology,a/o 8/31/26,Training/Travel,Training & Travel,4025,4025,150,3875,2026-08-31,2,Aug
FY27,Media Support Services,Academic Technology,a/o 8/31/26,Parking,Other,0,0,14112,-14112,2026-08-31,2,Aug
FY27,Academic Technologies,Academic Technology,a/o 8/31/26,Salaries,Salaries,259936,259936,58962.509999999995,-201123.16999999998,2026-08-31,2,Aug
FY27,Academic Technologies,Academic Technology,a/o 8/31/26,Hourly/Student Wages,Salaries,0,0,3454.96,-3454.96,2026-08-31,2,Aug
FY27,Academic Technologies,Academic Technology,a/o 8/31/26,Fringe Part-time,Fringes,0,0,258.57,-258.57,2026-08-31,2,Aug
FY27,Academic Technologies,Academic Technology,a/o 8/31/26,Fringes,Fringes,84774,84774,22753.11,-93590.51741999999,2026-08-31,2,Aug
FY27,Academic Technologies,Academic Technology,a/o 8/31/26,Equipment lease/Printing,Supplies & Printing,0,0,35.38,-35.38,2026-08-31,2,Aug
FY27,Academic Technologies,Academic Technology,a/o 8/31/26,Internal charge/Recovery,Recoveries & Revenue,0,0,-7010,7010,2026-08-31,2,Aug
FY27,Academic Technologies,Academic Technology,a/o 8/31/26,Clothing/Supplies/Postage,Supplies & Printing,1867,1867,9.99,1857.01,2026-08-31,2,Aug
FY27,Academic Technologies,Academic Technology,a/o 8/31/26,Telecomm/Wireless,Telecomm & Network,1880,1880,119.8,1760.2,2026-08-31,2,Aug
FY27,Academic Technologies,Academic Technology,a/o 8/31/26,Hardware/Software/Maint,Software & Maintenance,3733,3733,9967.57,-6234.57,2026-08-31,2,Aug
FY27,Media Support Services,Academic Technology,a/o 8/31/26,Salary/Research Salary,Salaries,309966,309966,63136.26,-191344.08000000002,2026-08-31,2,Aug
FY27,Media Support Services,Academic Technology,a/o 8/31/26,Student/Hourly Wages,Salaries,104390,104390,10285.11,94104.89,2026-08-31,2,Aug
FY27,Media Support Services,Academic Technology,a/o 8/31/26,Hourly Fringe,Salaries,8622,8622,216.25,8405.75,2026-08-31,2,Aug
FY27,Media Support Services,Academic Technology,a/o 8/31/26,Fringes,Fringes,161814,161814,24266.45,-32025.71834000002,2026-08-31,2,Aug
FY27,Media Support Services,Academic Technology,a/o 8/31/26,Technical/Printing,Supplies & Printing,0,0,0.86,-0.86,2026-08-31,2,Aug
FY27,Media Support Services,Academic Technology,a/o 8/31/26,Clothing/Supplies/Postage,Supplies & Printing,4667,4667,249.46,4417.54,2026-08-31,2,Aug
FY27,Media Support Services,Academic Technology,a/o 8/31/26,Univ/FMD/Fuel/Install,Other,0,0,162,-162,2026-08-31,2,Aug
FY27,Media Support Services,Academic Technology,a/o 8/31/26,Telecomm/Wireless,Telecomm & Network,4760,4760,481.32,4278.68,2026-08-31,2,Aug
FY27,Media Support Services,Academic Technology,a/o 8/31/26,Hardware/Software,Software & Maintenance,9333,9333,18.54,9314.46,2026-08-31,2,Aug
FY27,Media Support Services,Academic Technology,a/o 8/31/26,Audio Equipment /Lease,Equipment & Hardware,0,0,2129.3599999999997,-2129.3599999999997,2026-08-31,2,Aug
FY27,Academic Technologies,Academic Technology,a/o 8/31/26,IT Salaries,Salaries,180321,180321,21750.63,6735.959999999992,2026-08-31,2,Aug
FY27,Academic Technologies,Academic Technology,a/o 8/31/26,Fringe,Fringes,60807,60807,8408.73,-6361.646670000002,2026-08-31,2,Aug
FY27,Academic Technologies,Academic Technology,a/o 8/31/26,Telecomm,Telecomm & Network,0,0,15,-15,2026-08-31,2,Aug
FY27,Academic Technologies,Academic Technology,a/o 8/31/26,IT/Univ. Salaries,Salaries,546216,546216,55838.53,116988.78000000003,2026-08-31,2,Aug
FY27,Academic Technologies,Academic Technology,a/o 8/31/26,OnCall/OT,Bonus/OT/VSDP,3333,3333,64,3269,2026-08-31,2,Aug
FY27,Academic Technologies,Academic Technology,a/o 8/31/26,Fringe,Fringes,185752,185752,20858.21,20392.366970000003,2026-08-31,2,Aug
FY27,Academic Technologies,Academic Technology,a/o 8/31/26,Supplies/Printing,Supplies & Printing,2000,2000,0.92,1999.08,2026-08-31,2,Aug
FY27,Academic Technologies,Academic Technology,a/o 8/31/26,Telecomm,Telecomm & Network,2280,2280,105,2175,2026-08-31,2,Aug
FY27,Academic Technologies,Academic Technology,a/o 8/31/26,Software Maintenance,Software & Maintenance,718382,718382,18.09,295196.49,2026-08-31,2,Aug
FY27,Media Support Services,Academic Technology,a/o 8/31/26,Salaries,Salaries,174885,174885,28070.4,-47998.19999999998,2026-08-31,2,Aug
FY27,Media Support Services,Academic Technology,a/o 8/31/26,Fringes,Fringes,82044,82044,10788.9,-4137.4535999999935,2026-08-31,2,Aug
FY27,Media Support Services,Academic Technology,a/o 8/31/26,Maintenance/Development,Software & Maintenance,0,0,-300,300,2026-08-31,2,Aug
FY27,Media Support Services,Academic Technology,a/o 8/31/26,Telecomm/Wireless,Telecomm & Network,1080,1080,104.85,975.15,2026-08-31,2,Aug
FY27,Information Security,Information Security,a/o 8/31/26,IT/Univ. Salaries,Salaries,1238845,1238845,136272.38,178167.64000000013,2026-08-31,2,Aug
FY27,Information Security,Information Security,a/o 8/31/26,Bonus Hourly/FT,Salaries,0,0,10500,-10500,2026-08-31,2,Aug
FY27,Information Security,Information Security,a/o 8/31/26,Fringes,Fringes,430100,430100,56709.26,15646.012739999976,2026-08-31,2,Aug
FY27,Information Security,Information Security,a/o 8/31/26,Technical/Contractual Services,Contractual & Services,43539,43539,5670,37869,2026-08-31,2,Aug
FY27,Information Security,Information Security,a/o 8/31/26,Supplies,Supplies & Printing,10000,10000,330.91,9669.09,2026-08-31,2,Aug
FY27,Information Security,Information Security,a/o 8/31/26,Postage/Printing,Supplies & Printing,0,0,64.2,-64.2,2026-08-31,2,Aug
FY27,Information Security,Information Security,a/o 8/31/26,Telecomm/Wireless,Telecomm & Network,1520,1520,499.4,1020.6,2026-08-31,2,Aug
FY27,Information Security,Information Security,a/o 8/31/26,Training/Travel/Memberships,Training & Travel,8625,8625,30.9,8594.1,2026-08-31,2,Aug
FY27,Information Security,Information Security,a/o 8/31/26,Software,Software & Maintenance,340113,340113,167751.26,172361.74,2026-08-31,2,Aug
FY27,Information Security,Information Security,a/o 8/31/26,IT/Univ. Salaries,Salaries,505058,505058,67635.53,-33989.22999999998,2026-08-31,2,Aug
FY27,Information Security,Information Security,a/o 8/31/26,Hourly,Salaries,0,0,3280,-3280,2026-08-31,2,Aug
FY27,Information Security,Information Security,a/o 8/31/26,Fringes,Fringes,169032,169032,26107.22,-39511.547900000005,2026-08-31,2,Aug
FY27,Information Security,Information Security,a/o 8/31/26,Training/Travel,Training & Travel,2875,2875,280,2595,2026-08-31,2,Aug
FY27,Information Security,Information Security,a/o 8/31/26,Telecomm/Wireless,Telecomm & Network,-360,-360,74.95,-434.95,2026-08-31,2,Aug
FY27,Information Security,Information Security,a/o 8/31/26,IT/Univ. Salaries,Salaries,405190,405190,34971,126682,2026-08-31,2,Aug
FY27,Information Security,Information Security,a/o 8/31/26,Fringes,Fringes,137840,137840,13487.3,30103.880999999994,2026-08-31,2,Aug
FY27,Information Security,Information Security,a/o 8/31/26,Printing,Supplies & Printing,0,0,0.11,-0.11,2026-08-31,2,Aug
FY27,Information Security,Information Security,a/o 8/31/26,Telecomm,Telecomm & Network,1340,1340,134.8,1205.2,2026-08-31,2,Aug
FY27,Information Security,Information Security,a/o 8/31/26,Internal charge,Recoveries & Revenue,0,0,-69722,69722,2026-08-31,2,Aug
FY27,Technology Support Services,Technical Support Services,a/o 8/31/26,Supplies,Supplies & Printing,0,0,2804.16,-2804.16,2026-08-31,2,Aug
FY27,Technology Support Services,Technical Support Services,a/o 8/31/26,Classified/Univ Salaries,Salaries,803531,803531,178880.59,-282484.55000000005,2026-08-31,2,Aug
FY27,Technology Support Services,Technical Support Services,a/o 8/31/26,VSDP,Bonus/OT/VSDP,0,0,2173.53,-2173.53,2026-08-31,2,Aug
FY27,Technology Support Services,Technical Support Services,a/o 8/31/26,Oncall /OT,Bonus/OT/VSDP,0,0,114.77000000000001,-114.77000000000001,2026-08-31,2,Aug
FY27,Technology Support Services,Technical Support Services,a/o 8/31/26,Student/Hourly Wages,Salaries,46000,46000,6242.24,39757.76,2026-08-31,2,Aug
FY27,Technology Support Services,Technical Support Services,a/o 8/31/26,Fringe Part time,Fringes,3773,3773,124.91,3648.09,2026-08-31,2,Aug
FY27,Technology Support Services,Technical Support Services,a/o 8/31/26,Fringes,Fringes,234684,234684,67908.51,-184285.73952,2026-08-31,2,Aug
FY27,Technology Support Services,Technical Support Services,a/o 8/31/26,Internal Service charge,Recoveries & Revenue,-30000,-30000,-159551.12,129551.12,2026-08-31,2,Aug
FY27,Technology Support Services,Technical Support Services,a/o 8/31/26,Technical/Printing,Supplies & Printing,0,0,0.17,-0.17,2026-08-31,2,Aug
FY27,Technology Support Services,Technical Support Services,a/o 8/31/26,Clothing/Supplies/Postage,Supplies & Printing,4400,4400,1386.47,-550.2300000000005,2026-08-31,2,Aug
FY27,Technology Support Services,Technical Support Services,a/o 8/31/26,University/FMD/Parking,Other,0,0,2352,-2352,2026-08-31,2,Aug
FY27,Technology Support Services,Technical Support Services,a/o 8/31/26,Telecomm/Wireless,Telecomm & Network,3600,3600,989.74,2610.26,2026-08-31,2,Aug
FY27,Technology Support Services,Technical Support Services,a/o 8/31/26,Software/Maintenance,Software & Maintenance,0,0,17224.66,-17224.66,2026-08-31,2,Aug
FY27,Technology Support Services,Technical Support Services,a/o 8/31/26,Hourly Wages,Salaries,0,0,1729,-1729,2026-08-31,2,Aug
FY27,Technology Support Services,Technical Support Services,a/o 8/31/26,University Salary,Salaries,32715,32715,16769.4,-87526.20000000001,2026-08-31,2,Aug
FY27,Technology Support Services,Technical Support Services,a/o 8/31/26,Fringe,Fringes,6053,6053,7843.11,-41833.6966,2026-08-31,2,Aug
FY27,Technology Support Services,Technical Support Services,a/o 8/31/26,VSDP/OT,Bonus/OT/VSDP,0,0,3595.59,-3595.59,2026-08-31,2,Aug
FY27,Technology Support Services,Technical Support Services,a/o 8/31/26,Supplies/Employee Clothing,Supplies & Printing,0,0,6055.63,-6055.63,2026-08-31,2,Aug
FY27,Technology Support Services,Technical Support Services,a/o 8/31/26,Contractual,Contractual & Services,0,0,8284.12,-8284.12,2026-08-31,2,Aug
FY27,Technology Support Services,Technical Support Services,a/o 8/31/26,Bank Charges,Other,0,0,34,-34,2026-08-31,2,Aug
FY27,Technology Support Services,Technical Support Services,a/o 8/31/26,Revenue,Recoveries & Revenue,0,0,-31004.04,31004.04,2026-08-31,2,Aug
FY27,Technology Support Services,Technical Support Services,a/o 8/31/26,Internal Service Charge,Recoveries & Revenue,0,0,-778.61,778.61,2026-08-31,2,Aug
FY27,Technology Support Services,Technical Support Services,a/o 8/31/26,Telecomm/Wireless,Telecomm & Network,0,0,0.91,-0.91,2026-08-31,2,Aug
FY27,Technology Support Services,Technical Support Services,a/o 8/31/26,Salaries,Salaries,580773,580773,75237.49,110413.71000000002,2026-08-31,2,Aug
FY27,Technology Support Services,Technical Support Services,a/o 8/31/26,OnCall/OT,Bonus/OT/VSDP,0,0,1021.65,-1021.65,2026-08-31,2,Aug
FY27,Technology Support Services,Technical Support Services,a/o 8/31/26,Bonuses,Bonus/OT/VSDP,4333,4333,1000,3333,2026-08-31,2,Aug
FY27,Technology Support Services,Technical Support Services,a/o 8/31/26,Student/Hourly Wages,Salaries,80417,80417,59152.26,21264.739999999998,2026-08-31,2,Aug
FY27,Technology Support Services,Technical Support Services,a/o 8/31/26,Fringe PT,Fringes,6645,6645,3328.69,3316.31,2026-08-31,2,Aug
FY27,Technology Support Services,Technical Support Services,a/o 8/31/26,Fringes,Fringes,205828,205828,28735.4,24180.463400000008,2026-08-31,2,Aug
FY27,Technology Support Services,Technical Support Services,a/o 8/31/26,Internal charge/Printing,Supplies & Printing,0,0,7.56,-7.56,2026-08-31,2,Aug
FY27,Technology Support Services,Technical Support Services,a/o 8/31/26,Clothing/Supplies/Postage,Supplies & Printing,10600,10600,2742,7858,2026-08-31,2,Aug
FY27,Technology Support Services,Technical Support Services,a/o 8/31/26,Telecomm/Wireless,Telecomm & Network,44120,44120,12415.25,31704.75,2026-08-31,2,Aug
FY27,Technology Support Services,Technical Support Services,a/o 8/31/26,Software,Software & Maintenance,0,0,7784.2,-11426.2,2026-08-31,2,Aug
FY27,Technology Support Services,Technical Support Services,a/o 8/31/26,Recoveries,Recoveries & Revenue,-40000,-40000,-65365.1,25365.1,2026-08-31,2,Aug
FY27,Campus Card Services,Technical Support Services,a/o 8/31/26,Contractual Services/FMD,Contractual & Services,421579,421579,8116,413463,2026-08-31,2,Aug
FY27,Campus Card Services,Technical Support Services,a/o 8/31/26,Equip Repair,Other,0,0,107209.25,-107209.25,2026-08-31,2,Aug
FY27,Campus Card Services,Technical Support Services,a/o 8/31/26,Electrical Repair,Other,0,0,1808.28,-1808.28,2026-08-31,2,Aug
FY27,Campus Card Services,Technical Support Services,a/o 8/31/26,Skilled Services,Contractual & Services,0,0,169829.9,-169829.9,2026-08-31,2,Aug
FY27,Campus Card Services,Technical Support Services,a/o 8/31/26,Recoveries,Recoveries & Revenue,0,0,-515,515,2026-08-31,2,Aug
FY27,Campus Card Services,Technical Support Services,a/o 8/31/26,IT/University Salary,Salaries,317956,317956,95419.62999999999,-276737.53,2026-08-31,2,Aug
FY27,Campus Card Services,Technical Support Services,a/o 8/31/26,Classified /Univ,Other,0,0,7683.49,-7683.49,2026-08-31,2,Aug
FY27,Campus Card Services,Technical Support Services,a/o 8/31/26,On Call/OT,Bonus/OT/VSDP,0,0,494.53,-494.53,2026-08-31,2,Aug
FY27,Campus Card Services,Technical Support Services,a/o 8/31/26,Hourly/Student Wages,Salaries,65000,65000,28333.56,36666.44,2026-08-31,2,Aug
FY27,Campus Card Services,Technical Support Services,a/o 8/31/26,Fringe PT,Fringes,2538,2538,1013.93,1524.0700000000002,2026-08-31,2,Aug
FY27,Campus Card Services,Technical Support Services,a/o 8/31/26,Fringes,Fringes,45987,45987,37871.4,-185103.39930000002,2026-08-31,2,Aug
FY27,Campus Card Services,Technical Support Services,a/o 8/31/26,Express/Shipping,Supplies & Printing,26500,26500,170.27,26329.73,2026-08-31,2,Aug
FY27,Campus Card Services,Technical Support Services,a/o 8/31/26,Contractual - Printing/Advertising,Supplies & Printing,50838,50838,7161,43677,2026-08-31,2,Aug
FY27,Campus Card Services,Technical Support Services,a/o 8/31/26,Software,Software & Maintenance,0,0,207.54,-207.54,2026-08-31,2,Aug
FY27,Campus Card Services,Technical Support Services,a/o 8/31/26,Supplies,Supplies & Printing,24672,24672,332.34,24339.66,2026-08-31,2,Aug
FY27,Campus Card Services,Technical Support Services,a/o 8/31/26,Other,Other,0,0,6960,-6960,2026-08-31,2,Aug
FY27,Campus Card Services,Technical Support Services,a/o 8/31/26,Photographic Supplies,Supplies & Printing,110055,110055,143113.22,-33058.22,2026-08-31,2,Aug
FY27,Campus Card Services,Technical Support Services,a/o 8/31/26,Fuel,Other,1000,1000,275.86,724.14,2026-08-31,2,Aug
FY27,Campus Card Services,Technical Support Services,a/o 8/31/26,Parking/Fleet,Other,0,0,2352,-2352,2026-08-31,2,Aug
FY27,Campus Card Services,Technical Support Services,a/o 8/31/26,Freight/Postage/Mail,Supplies & Printing,1000,1000,229.76,770.24,2026-08-31,2,Aug
FY27,Campus Card Services,Technical Support Services,a/o 8/31/26,Telecomm,Telecomm & Network,11800,11800,1231.04,10568.96,2026-08-31,2,Aug
FY27,Campus Card Services,Technical Support Services,a/o 8/31/26,Bank Charges,Other,30000,30000,1255.97,28744.03,2026-08-31,2,Aug
FY27,Campus Card Services,Technical Support Services,a/o 8/31/26,Internal Service Charge,Recoveries & Revenue,-55000,-55000,-2540.53,-52459.47,2026-08-31,2,Aug
FY27,Campus Card Services,Technical Support Services,a/o 8/31/26,Sales/Services(Revenue),Recoveries & Revenue,-350000,-350000,-19460.84,-330539.16,2026-08-31,2,Aug
FY27,Technology Support Services,Technical Support Services,a/o 8/31/26,Classified/IT Salaries,Salaries,200055,200055,29004.03,22660.170000000013,2026-08-31,2,Aug
FY27,Technology Support Services,Technical Support Services,a/o 8/31/26,Fringes,Fringes,68867,68867,11192.43,247.3304000000062,2026-08-31,2,Aug
FY27,Technology Support Services,Technical Support Services,a/o 8/31/26,Contractual/Printing,Supplies & Printing,8432,8432,0.01,8431.99,2026-08-31,2,Aug
FY27,Technology Support Services,Technical Support Services,a/o 8/31/26,Supplies,Supplies & Printing,6316,6316,3260.4,3055.6,2026-08-31,2,Aug
FY27,Technology Support Services,Technical Support Services,a/o 8/31/26,Fuel/Fleet,Other,0,0,53.81,-53.81,2026-08-31,2,Aug
FY27,Technology Support Services,Technical Support Services,a/o 8/31/26,Telecomm/Wireless,Telecomm & Network,6520,6520,95.47,6424.53,2026-08-31,2,Aug
FY27,Technology Support Services,Technical Support Services,a/o 8/31/26,Lease Equipment,Equipment & Hardware,5000,5000,285.2,4714.8,2026-08-31,2,Aug
FY27,Technology Support Services,Technical Support Services,a/o 8/31/26,Internal charge,Recoveries & Revenue,0,0,-15,15,2026-08-31,2,Aug
FY27,Technology Support Services,Technical Support Services,a/o 8/31/26,Equipment/RAMTECH,Equipment & Hardware,2,2,45036.9,-45034.9,2026-08-31,2,Aug
FY27,Technology Support Services,Technical Support Services,a/o 8/31/26,Classified/IT/Univ. Salaries,Salaries,414560,414560,77512.44,-78369.23999999999,2026-08-31,2,Aug
FY27,Technology Support Services,Technical Support Services,a/o 8/31/26,Fringes,Fringes,141893,141893,29925.26,-48798.561600000015,2026-08-31,2,Aug
FY27,Technology Support Services,Technical Support Services,a/o 8/31/26,Technical/Printing,Supplies & Printing,0,0,103.41,-103.41,2026-08-31,2,Aug
FY27,Technology Support Services,Technical Support Services,a/o 8/31/26,Clothing/Supplies/Postage,Supplies & Printing,1200,1200,225,975,2026-08-31,2,Aug
FY27,Technology Support Services,Technical Support Services,a/o 8/31/26,Telecomm/Wireless,Telecomm & Network,960,960,90,870,2026-08-31,2,Aug
FY27,Technology Support Services,Technical Support Services,a/o 8/31/26,Software,Software & Maintenance,0,0,242048.11,-242048.11,2026-08-31,2,Aug
FY27,Campus Card Services,Technical Support Services,a/o 8/31/26,Printing Services,Supplies & Printing,0,0,-120.18,120.18,2026-08-31,2,Aug